Unnamed: 0,VAL
0,435.6909878183112
1,435.6909878183112
2,435.6909878183112
3,435.6909878183112
4,434.1311948653939
5,431.1703286401381
6,435.6909878183112
7,435.6909878183112
8,435.6909878183112
9,435.6909878183112
10,435.6909878183112
11,434.1311948653939
12,431.1703286401381
13,435.6909878183112
14,435.6909878183112
15,435.6909878183112
16,435.6909878183112
17,435.6909878183112
18,434.1311948653939
19,431.1703286401381
20,435.6909878183112
21,435.6909878183112
22,435.6909878183112
23,435.6909878183112
24,435.6909878183112
25,434.1311948653939
26,431.1703286401381
27,435.6909878183112
28,435.6909878183112
29,435.6909878183112
30,435.6909878183112
31,435.9312037941197
32,434.2476322422938
33,431.2849203614874
34,435.9312037941197
35,435.9312037941197
36,435.9312037941197
37,435.9312037941197
38,435.9312037941197
39,434.2476322422938
40,431.2849203614874
41,435.9312037941197
42,435.9312037941197
43,435.9312037941197
44,435.9312037941197
45,435.9312037941197
46,434.2476322422938
47,431.2849203614874
48,435.9312037941197
49,435.9312037941197
50,435.9312037941197
51,435.9312037941197
52,435.9312037941197
53,434.2476322422938
54,431.2849203614874
55,435.9312037941197
56,435.9312037941197
57,435.9312037941197
58,435.9312037941197
59,540.3706829253639
60,436.8871707670348
61,434.6134621936208
62,540.3706829253639
63,540.3706829253639
64,540.3706829253639
65,540.3706829253639
66,540.3706829253639
67,436.8871707670348
68,434.6134621936208
69,540.3706829253639
70,540.3706829253639
71,540.3706829253639
72,540.3706829253639
73,540.3706829253639
74,436.8871707670348
75,434.6134621936208
76,540.3706829253639
77,540.3706829253639
78,540.3706829253639
79,540.3706829253639
80,540.3706829253639
81,436.8871707670348
82,434.6134621936208
83,540.3706829253639
84,540.3706829253639
85,540.3706829253639
86,540.3706829253639
87,540.3706829253639
88,436.8871707670348
89,434.6134621936208
90,539.8913950306045
91,539.8913950306045
92,539.8913950306045
93,539.8913950306045
94,539.8913950306045
95,436.4176236807909
96,434.18723440369655
97,539.8913950306045
98,539.8913950306045
99,539.8913950306045
100,539.8913950306045
101,539.8913950306045
102,436.4176236807909
103,434.18723440369655
104,539.8913950306045
105,539.8913950306045
106,539.8913950306045
107,539.8913950306045
108,539.8913950306045
109,436.4176236807909
110,434.18723440369655
111,539.8913950306045
112,539.8913950306045
113,539.8913950306045
114,539.8913950306045
115,539.8913950306045
116,436.4176236807909
117,434.18723440369655
118,539.8913950306045
119,539.8913950306045
120,539.117504750328
121,539.117504750328
122,539.117504750328
123,435.6647884837165
124,433.5008324000371
125,539.117504750328
126,539.117504750328
127,539.117504750328
128,539.117504750328
129,539.117504750328
130,435.6647884837165
131,433.5008324000371
132,539.117504750328
133,539.117504750328
134,539.117504750328
135,539.117504750328
136,539.117504750328
137,435.6647884837165
138,433.5008324000371
139,539.117504750328
140,539.117504750328
141,539.117504750328
142,539.117504750328
143,539.117504750328
144,435.6647884837165
145,433.5008324000371
146,539.117504750328
147,539.117504750328
148,539.117504750328
149,539.117504750328
150,539.117504750328
151,436.8912693696898
152,436.1172558731497
153,592.1706112095378
154,592.1706112095378
155,592.1706112095378
156,592.1706112095378
157,592.1706112095378
158,436.8912693696898
159,436.1172558731497
160,592.1706112095378
161,592.1706112095378
162,592.1706112095378
163,592.1706112095378
164,592.1706112095378
165,436.8912693696898
166,436.1172558731497
167,592.1706112095378
168,592.1706112095378
169,592.1706112095378
170,592.1706112095378
171,592.1706112095378
172,436.8912693696898
173,436.1172558731497
174,592.1706112095378
175,592.1706112095378
176,592.1706112095378
177,592.1706112095378
178,592.1706112095378
179,436.8912693696898
180,436.1172558731497
181,592.093174043495
182,592.093174043495
183,592.093174043495
184,592.093174043495
185,592.093174043495
186,436.8096721674993
187,436.0388979473793
188,592.093174043495
189,592.093174043495
190,592.093174043495
191,592.093174043495
192,592.093174043495
193,436.8096721674993
194,436.0388979473793
195,592.093174043495
196,592.093174043495
197,592.093174043495
198,592.093174043495
199,592.093174043495
200,436.8096721674993
201,436.0388979473793
202,592.093174043495
203,592.093174043495
204,592.093174043495
205,592.093174043495
206,592.093174043495
207,436.8096721674993
208,436.0388979473793
209,592.093174043495
210,592.093174043495
211,592.093174043495
212,591.263046949605
213,591.263046949605
214,436.23897741969824
215,435.4712702149768
216,591.263046949605
217,591.263046949605
218,591.263046949605
219,591.263046949605
220,591.263046949605
221,436.23897741969824
222,435.4712702149768
223,591.263046949605
224,591.263046949605
225,591.263046949605
226,591.263046949605
227,591.263046949605
228,436.23897741969824
229,435.4712702149768
230,591.263046949605
231,591.263046949605
232,591.263046949605
233,591.263046949605
234,591.263046949605
235,436.23897741969824
236,435.4712702149768
237,591.263046949605
238,591.263046949605
239,591.263046949605
240,591.263046949605
241,591.263046949605
242,436.23897741969824
243,432.88981624880495
244,435.37017212696014
245,435.37017212696014
246,435.37017212696014
247,435.37017212696014
248,435.37017212696014
249,436.214139379344
250,432.88981624880495
251,435.37017212696014
252,435.37017212696014
253,435.37017212696014
254,435.37017212696014
255,435.37017212696014
256,436.214139379344
257,432.88981624880495
258,435.37017212696014
259,435.37017212696014
260,435.37017212696014
261,435.37017212696014
262,435.37017212696014
263,436.214139379344
264,432.88981624880495
265,435.37017212696014
266,435.37017212696014
267,435.37017212696014
268,435.37017212696014
269,435.37017212696014
270,436.214139379344
271,432.88981624880495
272,435.37017212696014
273,435.77113270407074
274,435.77113270407074
275,435.77113270407074
276,435.77113270407074
277,436.60734584340577
278,433.2035099848191
279,435.77113270407074
280,435.77113270407074
281,435.77113270407074
282,435.77113270407074
283,435.77113270407074
284,436.60734584340577
285,433.2035099848191
286,435.77113270407074
287,435.77113270407074
288,435.77113270407074
289,435.77113270407074
290,435.77113270407074
291,436.60734584340577
292,433.2035099848191
293,435.77113270407074
294,435.77113270407074
295,435.77113270407074
296,435.77113270407074
297,435.77113270407074
298,436.60734584340577
299,433.2035099848191
300,435.77113270407074
301,435.77113270407074
302,435.77113270407074
303,435.77113270407074
304,436.644155417283
305,437.47370369801297
306,433.9711696821577
307,436.644155417283
308,436.644155417283
309,436.644155417283
310,436.644155417283
311,436.644155417283
312,437.47370369801297
313,433.9711696821577
314,436.644155417283
315,436.644155417283
316,436.644155417283
317,436.644155417283
318,436.644155417283
319,437.47370369801297
320,433.9711696821577
321,436.644155417283
322,436.644155417283
323,436.644155417283
324,436.644155417283
325,436.644155417283
326,437.47370369801297
327,433.9711696821577
328,436.644155417283
329,436.644155417283
330,436.644155417283
331,436.644155417283
332,436.644155417283
333,437.47370369801297
334,431.35116162706464
335,435.9067016303628
336,435.9067016303628
337,435.9067016303628
338,435.9067016303628
339,435.9067016303628
340,434.3354417398873
341,431.35116162706464
342,435.9067016303628
343,435.9067016303628
344,435.9067016303628
345,435.9067016303628
346,435.9067016303628
347,434.3354417398873
348,431.35116162706464
349,435.9067016303628
350,435.9067016303628
351,435.9067016303628
352,435.9067016303628
353,435.9067016303628
354,434.3354417398873
355,431.35116162706464
356,435.9067016303628
357,435.9067016303628
358,435.9067016303628
359,435.9067016303628
360,435.9067016303628
361,434.3354417398873
362,431.35116162706464
363,435.9067016303628
364,435.9067016303628
0,426.6084357420564
1,426.6084357420564
2,426.6084357420564
3,425.12859994128536
4,422.3494046935179
5,426.6084357420564
6,426.6084357420564
7,426.6084357420564
8,426.6084357420564
9,426.6084357420564
10,425.12859994128536
11,422.3494046935179
12,426.6084357420564
13,426.6084357420564
14,426.6084357420564
15,426.6084357420564
16,426.6084357420564
17,425.12859994128536
18,422.3494046935179
19,426.6084357420564
20,426.6084357420564
21,426.6084357420564
22,426.6084357420564
23,426.6084357420564
24,425.12859994128536
25,422.3494046935179
26,426.6084357420564
27,426.6084357420564
28,426.6084357420564
29,426.6084357420564
30,426.6084357420564
31,425.3122891952784
32,422.5312045268319
33,426.91589394861137
34,426.91589394861137
35,426.91589394861137
36,426.91589394861137
37,426.91589394861137
38,425.3122891952784
39,422.5312045268319
40,426.91589394861137
41,426.91589394861137
42,426.91589394861137
43,426.91589394861137
44,426.91589394861137
45,425.3122891952784
46,422.5312045268319
47,426.91589394861137
48,426.91589394861137
49,426.91589394861137
50,426.91589394861137
51,426.91589394861137
52,425.3122891952784
53,422.5312045268319
54,426.91589394861137
55,426.91589394861137
56,426.91589394861137
57,426.91589394861137
58,426.91589394861137
59,427.9519806676065
60,425.8150954035679
61,529.1674699721963
62,529.1674699721963
63,529.1674699721963
64,529.1674699721963
65,529.1674699721963
66,427.9519806676065
67,425.8150954035679
68,529.1674699721963
69,529.1674699721963
70,529.1674699721963
71,529.1674699721963
72,529.1674699721963
73,427.9519806676065
74,425.8150954035679
75,529.1674699721963
76,529.1674699721963
77,529.1674699721963
78,529.1674699721963
79,529.1674699721963
80,427.9519806676065
81,425.8150954035679
82,529.1674699721963
83,529.1674699721963
84,529.1674699721963
85,529.1674699721963
86,529.1674699721963
87,427.9519806676065
88,425.8150954035679
89,529.1674699721963
90,528.8189179181411
91,528.8189179181411
92,528.8189179181411
93,528.8189179181411
94,427.6076749502497
95,425.5044210048306
96,528.8189179181411
97,528.8189179181411
98,528.8189179181411
99,528.8189179181411
100,528.8189179181411
101,427.6076749502497
102,425.5044210048306
103,528.8189179181411
104,528.8189179181411
105,528.8189179181411
106,528.8189179181411
107,528.8189179181411
108,427.6076749502497
109,425.5044210048306
110,528.8189179181411
111,528.8189179181411
112,528.8189179181411
113,528.8189179181411
114,528.8189179181411
115,427.6076749502497
116,425.5044210048306
117,528.8189179181411
118,528.8189179181411
119,528.8189179181411
120,528.2685449873901
121,528.2685449873901
122,427.0687104070349
123,425.0155596044028
124,528.2685449873901
125,528.2685449873901
126,528.2685449873901
127,528.2685449873901
128,528.2685449873901
129,427.0687104070349
130,425.0155596044028
131,528.2685449873901
132,528.2685449873901
133,528.2685449873901
134,528.2685449873901
135,528.2685449873901
136,427.0687104070349
137,425.0155596044028
138,528.2685449873901
139,528.2685449873901
140,528.2685449873901
141,528.2685449873901
142,528.2685449873901
143,427.0687104070349
144,425.0155596044028
145,528.2685449873901
146,528.2685449873901
147,528.2685449873901
148,528.2685449873901
149,528.2685449873901
150,427.0687104070349
151,427.50514408118096
152,580.1221927925196
153,580.1221927925196
154,580.1221927925196
155,580.1221927925196
156,580.1221927925196
157,428.238558629822
158,427.50514408118096
159,580.1221927925196
160,580.1221927925196
161,580.1221927925196
162,580.1221927925196
163,580.1221927925196
164,428.238558629822
165,427.50514408118096
166,580.1221927925196
167,580.1221927925196
168,580.1221927925196
169,580.1221927925196
170,580.1221927925196
171,428.238558629822
172,427.50514408118096
173,580.1221927925196
174,580.1221927925196
175,580.1221927925196
176,580.1221927925196
177,580.1221927925196
178,428.238558629822
179,427.50514408118096
180,580.1221927925196
181,580.0487465825736
182,580.0487465825736
183,580.0487465825736
184,580.0487465825736
185,428.1611364483893
186,427.4307603748038
187,580.0487465825736
188,580.0487465825736
189,580.0487465825736
190,580.0487465825736
191,580.0487465825736
192,428.1611364483893
193,427.4307603748038
194,580.0487465825736
195,580.0487465825736
196,580.0487465825736
197,580.0487465825736
198,580.0487465825736
199,428.1611364483893
200,427.4307603748038
201,580.0487465825736
202,580.0487465825736
203,580.0487465825736
204,580.0487465825736
205,580.0487465825736
206,428.1611364483893
207,427.4307603748038
208,580.0487465825736
209,580.0487465825736
210,580.0487465825736
211,580.0487465825736
212,578.8424905787007
213,427.2150196166449
214,426.48878716892136
215,578.8424905787007
216,578.8424905787007
217,578.8424905787007
218,578.8424905787007
219,578.8424905787007
220,427.2150196166449
221,426.48878716892136
222,578.8424905787007
223,578.8424905787007
224,578.8424905787007
225,578.8424905787007
226,578.8424905787007
227,427.2150196166449
228,426.48878716892136
229,578.8424905787007
230,578.8424905787007
231,578.8424905787007
232,578.8424905787007
233,578.8424905787007
234,427.2150196166449
235,426.48878716892136
236,578.8424905787007
237,578.8424905787007
238,578.8424905787007
239,578.8424905787007
240,578.8424905787007
241,427.2150196166449
242,426.48878716892136
243,426.8195244684289
244,426.8195244684289
245,426.8195244684289
246,426.8195244684289
247,426.8195244684289
248,427.5950258736829
249,424.4401389452519
250,426.8195244684289
251,426.8195244684289
252,426.8195244684289
253,426.8195244684289
254,426.8195244684289
255,427.5950258736829
256,424.4401389452519
257,426.8195244684289
258,426.8195244684289
259,426.8195244684289
260,426.8195244684289
261,426.8195244684289
262,427.5950258736829
263,424.4401389452519
264,426.8195244684289
265,426.8195244684289
266,426.8195244684289
267,426.8195244684289
268,426.8195244684289
269,427.5950258736829
270,424.4401389452519
271,426.8195244684289
272,426.8195244684289
273,427.0290939682447
274,427.0290939682447
275,427.0290939682447
276,427.8050035644733
277,424.5863182120506
278,427.0290939682447
279,427.0290939682447
280,427.0290939682447
281,427.0290939682447
282,427.0290939682447
283,427.8050035644733
284,424.5863182120506
285,427.0290939682447
286,427.0290939682447
287,427.0290939682447
288,427.0290939682447
289,427.0290939682447
290,427.8050035644733
291,424.5863182120506
292,427.0290939682447
293,427.0290939682447
294,427.0290939682447
295,427.0290939682447
296,427.0290939682447
297,427.8050035644733
298,424.5863182120506
299,427.0290939682447
300,427.0290939682447
301,427.0290939682447
302,427.0290939682447
303,427.0290939682447
304,428.4434570297744
305,425.1446509425702
306,427.6649007634248
307,427.6649007634248
308,427.6649007634248
309,427.6649007634248
310,427.6649007634248
311,428.4434570297744
312,425.1446509425702
313,427.6649007634248
314,427.6649007634248
315,427.6649007634248
316,427.6649007634248
317,427.6649007634248
318,428.4434570297744
319,425.1446509425702
320,427.6649007634248
321,427.6649007634248
322,427.6649007634248
323,427.6649007634248
324,427.6649007634248
325,428.4434570297744
326,425.1446509425702
327,427.6649007634248
328,427.6649007634248
329,427.6649007634248
330,427.6649007634248
331,427.6649007634248
332,428.4434570297744
333,425.1446509425702
334,426.7662604349712
335,426.7662604349712
336,426.7662604349712
337,426.7662604349712
338,426.7662604349712
339,425.2777253906803
340,422.4796254757571
341,426.7662604349712
342,426.7662604349712
343,426.7662604349712
344,426.7662604349712
345,426.7662604349712
346,425.2777253906803
347,422.4796254757571
348,426.7662604349712
349,426.7662604349712
350,426.7662604349712
351,426.7662604349712
352,426.7662604349712
353,425.2777253906803
354,422.4796254757571
355,426.7662604349712
356,426.7662604349712
357,426.7662604349712
358,426.7662604349712
359,426.7662604349712
360,425.2777253906803
361,422.4796254757571
362,426.7662604349712
363,426.7662604349712
364,426.7662604349712
0,415.8675715693518
1,415.8675715693518
2,414.441426974709
3,411.8082289806629
4,415.8675715693518
5,415.8675715693518
6,415.8675715693518
7,415.8675715693518
8,415.8675715693518
9,414.441426974709
10,411.8082289806629
11,415.8675715693518
12,415.8675715693518
13,415.8675715693518
14,415.8675715693518
15,415.8675715693518
16,414.441426974709
17,411.8082289806629
18,415.8675715693518
19,415.8675715693518
20,415.8675715693518
21,415.8675715693518
22,415.8675715693518
23,414.441426974709
24,411.8082289806629
25,415.8675715693518
26,415.8675715693518
27,415.8675715693518
28,415.8675715693518
29,415.8675715693518
30,414.441426974709
31,412.0165973165549
32,416.1975322350853
33,416.1975322350853
34,416.1975322350853
35,416.1975322350853
36,416.1975322350853
37,414.6513651289085
38,412.0165973165549
39,416.1975322350853
40,416.1975322350853
41,416.1975322350853
42,416.1975322350853
43,416.1975322350853
44,414.6513651289085
45,412.0165973165549
46,416.1975322350853
47,416.1975322350853
48,416.1975322350853
49,416.1975322350853
50,416.1975322350853
51,414.6513651289085
52,412.0165973165549
53,416.1975322350853
54,416.1975322350853
55,416.1975322350853
56,416.1975322350853
57,416.1975322350853
58,414.6513651289085
59,414.8559991121056
60,515.3444842091204
61,515.3444842091204
62,515.3444842091204
63,515.3444842091204
64,515.3444842091204
65,416.8770130354012
66,414.8559991121056
67,515.3444842091204
68,515.3444842091204
69,515.3444842091204
70,515.3444842091204
71,515.3444842091204
72,416.8770130354012
73,414.8559991121056
74,515.3444842091204
75,515.3444842091204
76,515.3444842091204
77,515.3444842091204
78,515.3444842091204
79,416.8770130354012
80,414.8559991121056
81,515.3444842091204
82,515.3444842091204
83,515.3444842091204
84,515.3444842091204
85,515.3444842091204
86,416.8770130354012
87,414.8559991121056
88,515.3444842091204
89,515.3444842091204
90,514.8513624539423
91,514.8513624539423
92,514.8513624539423
93,416.395708022255
94,414.4178277739343
95,514.8513624539423
96,514.8513624539423
97,514.8513624539423
98,514.8513624539423
99,514.8513624539423
100,416.395708022255
101,414.4178277739343
102,514.8513624539423
103,514.8513624539423
104,514.8513624539423
105,514.8513624539423
106,514.8513624539423
107,416.395708022255
108,414.4178277739343
109,514.8513624539423
110,514.8513624539423
111,514.8513624539423
112,514.8513624539423
113,514.8513624539423
114,416.395708022255
115,414.4178277739343
116,514.8513624539423
117,514.8513624539423
118,514.8513624539423
119,514.8513624539423
120,514.0464840814248
121,415.6151726954717
122,413.7044721150328
123,514.0464840814248
124,514.0464840814248
125,514.0464840814248
126,514.0464840814248
127,514.0464840814248
128,415.6151726954717
129,413.7044721150328
130,514.0464840814248
131,514.0464840814248
132,514.0464840814248
133,514.0464840814248
134,514.0464840814248
135,415.6151726954717
136,413.7044721150328
137,514.0464840814248
138,514.0464840814248
139,514.0464840814248
140,514.0464840814248
141,514.0464840814248
142,415.6151726954717
143,413.7044721150328
144,514.0464840814248
145,514.0464840814248
146,514.0464840814248
147,514.0464840814248
148,514.0464840814248
149,415.6151726954717
150,413.7044721150328
151,564.4327164865261
152,564.4327164865261
153,564.4327164865261
154,564.4327164865261
155,564.4327164865261
156,416.720142963505
157,416.0342336947853
158,564.4327164865261
159,564.4327164865261
160,564.4327164865261
161,564.4327164865261
162,564.4327164865261
163,416.720142963505
164,416.0342336947853
165,564.4327164865261
166,564.4327164865261
167,564.4327164865261
168,564.4327164865261
169,564.4327164865261
170,416.720142963505
171,416.0342336947853
172,564.4327164865261
173,564.4327164865261
174,564.4327164865261
175,564.4327164865261
176,564.4327164865261
177,416.720142963505
178,416.0342336947853
179,564.4327164865261
180,564.4327164865261
181,564.3646584462589
182,564.3646584462589
183,564.3646584462589
184,416.6483608483843
185,415.9652227392905
186,564.3646584462589
187,564.3646584462589
188,564.3646584462589
189,564.3646584462589
190,564.3646584462589
191,416.6483608483843
192,415.9652227392905
193,564.3646584462589
194,564.3646584462589
195,564.3646584462589
196,564.3646584462589
197,564.3646584462589
198,416.6483608483843
199,415.9652227392905
200,564.3646584462589
201,564.3646584462589
202,564.3646584462589
203,564.3646584462589
204,564.3646584462589
205,416.6483608483843
206,415.9652227392905
207,564.3646584462589
208,564.3646584462589
209,564.3646584462589
210,564.3646584462589
211,564.3646584462589
212,415.53670342972777
213,414.8581875412594
214,563.0000213587349
215,563.0000213587349
216,563.0000213587349
217,563.0000213587349
218,563.0000213587349
219,415.53670342972777
220,414.8581875412594
221,563.0000213587349
222,563.0000213587349
223,563.0000213587349
224,563.0000213587349
225,563.0000213587349
226,415.53670342972777
227,414.8581875412594
228,563.0000213587349
229,563.0000213587349
230,563.0000213587349
231,563.0000213587349
232,563.0000213587349
233,415.53670342972777
234,414.8581875412594
235,563.0000213587349
236,563.0000213587349
237,563.0000213587349
238,563.0000213587349
239,563.0000213587349
240,415.53670342972777
241,414.8581875412594
242,563.0000213587349
243,415.4289375445833
244,415.4289375445833
245,415.4289375445833
246,415.4289375445833
247,416.1226314843137
248,413.1894831405302
249,415.4289375445833
250,415.4289375445833
251,415.4289375445833
252,415.4289375445833
253,415.4289375445833
254,416.1226314843137
255,413.1894831405302
256,415.4289375445833
257,415.4289375445833
258,415.4289375445833
259,415.4289375445833
260,415.4289375445833
261,416.1226314843137
262,413.1894831405302
263,415.4289375445833
264,415.4289375445833
265,415.4289375445833
266,415.4289375445833
267,415.4289375445833
268,416.1226314843137
269,413.1894831405302
270,415.4289375445833
271,415.4289375445833
272,415.4289375445833
273,415.8696868795036
274,415.8696868795036
275,416.55138612837584
276,413.5403629955844
277,415.8696868795036
278,415.8696868795036
279,415.8696868795036
280,415.8696868795036
281,415.8696868795036
282,416.55138612837584
283,413.5403629955844
284,415.8696868795036
285,415.8696868795036
286,415.8696868795036
287,415.8696868795036
288,415.8696868795036
289,416.55138612837584
290,413.5403629955844
291,415.8696868795036
292,415.8696868795036
293,415.8696868795036
294,415.8696868795036
295,415.8696868795036
296,416.55138612837584
297,413.5403629955844
298,415.8696868795036
299,415.8696868795036
300,415.8696868795036
301,415.8696868795036
302,415.8696868795036
303,416.55138612837584
304,414.3302566673592
305,416.7675272019254
306,416.7675272019254
307,416.7675272019254
308,416.7675272019254
309,416.7675272019254
310,417.4372709451824
311,414.3302566673592
312,416.7675272019254
313,416.7675272019254
314,416.7675272019254
315,416.7675272019254
316,416.7675272019254
317,417.4372709451824
318,414.3302566673592
319,416.7675272019254
320,416.7675272019254
321,416.7675272019254
322,416.7675272019254
323,416.7675272019254
324,417.4372709451824
325,414.3302566673592
326,416.7675272019254
327,416.7675272019254
328,416.7675272019254
329,416.7675272019254
330,416.7675272019254
331,417.4372709451824
332,414.3302566673592
333,416.7675272019254
334,416.0887660765451
335,416.0887660765451
336,416.0887660765451
337,416.0887660765451
338,414.6510550267535
339,411.99508482813286
340,416.0887660765451
341,416.0887660765451
342,416.0887660765451
343,416.0887660765451
344,416.0887660765451
345,414.6510550267535
346,411.99508482813286
347,416.0887660765451
348,416.0887660765451
349,416.0887660765451
350,416.0887660765451
351,416.0887660765451
352,414.6510550267535
353,411.99508482813286
354,416.0887660765451
355,416.0887660765451
356,416.0887660765451
357,416.0887660765451
358,416.0887660765451
359,414.6510550267535
360,411.99508482813286
361,416.0887660765451
362,416.0887660765451
363,416.0887660765451
364,416.0887660765451
0,409.4626321332333
1,408.0480033647056
2,405.4280533765013
3,409.4626321332333
4,409.4626321332333
5,409.4626321332333
6,409.4626321332333
7,409.4626321332333
8,408.0480033647056
9,405.4280533765013
10,409.4626321332333
11,409.4626321332333
12,409.4626321332333
13,409.4626321332333
14,409.4626321332333
15,408.0480033647056
16,405.4280533765013
17,409.4626321332333
18,409.4626321332333
19,409.4626321332333
20,409.4626321332333
21,409.4626321332333
22,408.0480033647056
23,405.4280533765013
24,409.4626321332333
25,409.4626321332333
26,409.4626321332333
27,409.4626321332333
28,409.4626321332333
29,408.0480033647056
30,405.4280533765013
31,409.74300089023575
32,409.74300089023575
33,409.74300089023575
34,409.74300089023575
35,409.74300089023575
36,408.2119299742038
37,405.5905448610344
38,409.74300089023575
39,409.74300089023575
40,409.74300089023575
41,409.74300089023575
42,409.74300089023575
43,408.2119299742038
44,405.5905448610344
45,409.74300089023575
46,409.74300089023575
47,409.74300089023575
48,409.74300089023575
49,409.74300089023575
50,408.2119299742038
51,405.5905448610344
52,409.74300089023575
53,409.74300089023575
54,409.74300089023575
55,409.74300089023575
56,409.74300089023575
57,408.2119299742038
58,405.5905448610344
59,409.74300089023575
60,507.498244352287
61,507.498244352287
62,507.498244352287
63,507.498244352287
64,410.32673302409074
65,408.3175158341326
66,507.498244352287
67,507.498244352287
68,507.498244352287
69,507.498244352287
70,507.498244352287
71,410.32673302409074
72,408.3175158341326
73,507.498244352287
74,507.498244352287
75,507.498244352287
76,507.498244352287
77,507.498244352287
78,410.32673302409074
79,408.3175158341326
80,507.498244352287
81,507.498244352287
82,507.498244352287
83,507.498244352287
84,507.498244352287
85,410.32673302409074
86,408.3175158341326
87,507.498244352287
88,507.498244352287
89,507.498244352287
90,507.498244352287
91,506.9451720613503
92,409.7883739289394
93,407.82638937805217
94,506.9451720613503
95,506.9451720613503
96,506.9451720613503
97,506.9451720613503
98,506.9451720613503
99,409.7883739289394
100,407.82638937805217
101,506.9451720613503
102,506.9451720613503
103,506.9451720613503
104,506.9451720613503
105,506.9451720613503
106,409.7883739289394
107,407.82638937805217
108,506.9451720613503
109,506.9451720613503
110,506.9451720613503
111,506.9451720613503
112,506.9451720613503
113,409.7883739289394
114,407.82638937805217
115,506.9451720613503
116,506.9451720613503
117,506.9451720613503
118,506.9451720613503
119,506.9451720613503
120,409.7883739289394
121,407.0206588066176
122,506.03560886990266
123,506.03560886990266
124,506.03560886990266
125,506.03560886990266
126,506.03560886990266
127,408.9082391134181
128,407.0206588066176
129,506.03560886990266
130,506.03560886990266
131,506.03560886990266
132,506.03560886990266
133,506.03560886990266
134,408.9082391134181
135,407.0206588066176
136,506.03560886990266
137,506.03560886990266
138,506.03560886990266
139,506.03560886990266
140,506.03560886990266
141,408.9082391134181
142,407.0206588066176
143,506.03560886990266
144,506.03560886990266
145,506.03560886990266
146,506.03560886990266
147,506.03560886990266
148,408.9082391134181
149,407.0206588066176
150,506.03560886990266
151,506.03560886990266
152,555.7539598671074
153,555.7539598671074
154,555.7539598671074
155,409.9948522451973
156,409.3165336056916
157,555.7539598671074
158,555.7539598671074
159,555.7539598671074
160,555.7539598671074
161,555.7539598671074
162,409.9948522451973
163,409.3165336056916
164,555.7539598671074
165,555.7539598671074
166,555.7539598671074
167,555.7539598671074
168,555.7539598671074
169,409.9948522451973
170,409.3165336056916
171,555.7539598671074
172,555.7539598671074
173,555.7539598671074
174,555.7539598671074
175,555.7539598671074
176,409.9948522451973
177,409.3165336056916
178,555.7539598671074
179,555.7539598671074
180,555.7539598671074
181,555.7539598671074
182,555.6868749177377
183,409.92405437110017
184,409.2484202875991
185,555.6868749177377
186,555.6868749177377
187,555.6868749177377
188,555.6868749177377
189,555.6868749177377
190,409.92405437110017
191,409.2484202875991
192,555.6868749177377
193,555.6868749177377
194,555.6868749177377
195,555.6868749177377
196,555.6868749177377
197,409.92405437110017
198,409.2484202875991
199,555.6868749177377
200,555.6868749177377
201,555.6868749177377
202,555.6868749177377
203,555.6868749177377
204,409.92405437110017
205,409.2484202875991
206,555.6868749177377
207,555.6868749177377
208,555.6868749177377
209,555.6868749177377
210,555.6868749177377
211,409.92405437110017
212,409.2484202875991
213,554.5810333625005
214,554.5810333625005
215,554.5810333625005
216,554.5810333625005
217,554.5810333625005
218,409.06321531278223
219,408.3915711340488
220,554.5810333625005
221,554.5810333625005
222,554.5810333625005
223,554.5810333625005
224,554.5810333625005
225,409.06321531278223
226,408.3915711340488
227,554.5810333625005
228,554.5810333625005
229,554.5810333625005
230,554.5810333625005
231,554.5810333625005
232,409.06321531278223
233,408.3915711340488
234,554.5810333625005
235,554.5810333625005
236,554.5810333625005
237,554.5810333625005
238,554.5810333625005
239,409.06321531278223
240,408.3915711340488
241,554.5810333625005
242,554.5810333625005
243,554.5810333625005
244,408.7120575495181
245,408.7120575495181
246,409.4052853833684
247,406.5082497372395
248,408.7120575495181
249,408.7120575495181
250,408.7120575495181
251,408.7120575495181
252,408.7120575495181
253,409.4052853833684
254,406.5082497372395
255,408.7120575495181
256,408.7120575495181
257,408.7120575495181
258,408.7120575495181
259,408.7120575495181
260,409.4052853833684
261,406.5082497372395
262,408.7120575495181
263,408.7120575495181
264,408.7120575495181
265,408.7120575495181
266,408.7120575495181
267,409.4052853833684
268,406.5082497372395
269,408.7120575495181
270,408.7120575495181
271,408.7120575495181
272,408.7120575495181
273,408.7120575495181
274,409.93134481368224
275,406.9501263596089
276,409.2547878731857
277,409.2547878731857
278,409.2547878731857
279,409.2547878731857
280,409.2547878731857
281,409.93134481368224
282,406.9501263596089
283,409.2547878731857
284,409.2547878731857
285,409.2547878731857
286,409.2547878731857
287,409.2547878731857
288,409.93134481368224
289,406.9501263596089
290,409.2547878731857
291,409.2547878731857
292,409.2547878731857
293,409.2547878731857
294,409.2547878731857
295,409.93134481368224
296,406.9501263596089
297,409.2547878731857
298,409.2547878731857
299,409.2547878731857
300,409.2547878731857
301,409.2547878731857
302,409.93134481368224
303,406.9501263596089
304,409.2547878731857
305,410.26142053526814
306,410.26142053526814
307,410.26142053526814
308,410.26142053526814
309,410.9205136300989
310,407.8360817844371
311,410.26142053526814
312,410.26142053526814
313,410.26142053526814
314,410.26142053526814
315,410.26142053526814
316,410.9205136300989
317,407.8360817844371
318,410.26142053526814
319,410.26142053526814
320,410.26142053526814
321,410.26142053526814
322,410.26142053526814
323,410.9205136300989
324,407.8360817844371
325,410.26142053526814
326,410.26142053526814
327,410.26142053526814
328,410.26142053526814
329,410.26142053526814
330,410.9205136300989
331,407.8360817844371
332,410.26142053526814
333,410.26142053526814
334,410.26142053526814
335,409.7101485338944
336,409.7101485338944
337,408.2827344631003
338,405.6382820343904
339,409.7101485338944
340,409.7101485338944
341,409.7101485338944
342,409.7101485338944
343,409.7101485338944
344,408.2827344631003
345,405.6382820343904
346,409.7101485338944
347,409.7101485338944
348,409.7101485338944
349,409.7101485338944
350,409.7101485338944
351,408.2827344631003
352,405.6382820343904
353,409.7101485338944
354,409.7101485338944
355,409.7101485338944
356,409.7101485338944
357,409.7101485338944
358,408.2827344631003
359,405.6382820343904
360,409.7101485338944
361,409.7101485338944
362,409.7101485338944
363,409.7101485338944
364,409.7101485338944
365,408.2827344631003
0,412.9452295699372
1,416.7435558671972
2,416.7435558671972
3,416.7435558671972
4,416.7435558671972
5,416.7435558671972
6,415.393424854689
7,412.9452295699372
8,416.7435558671972
9,416.7435558671972
10,416.7435558671972
11,416.7435558671972
12,416.7435558671972
13,415.393424854689
14,412.9452295699372
15,416.7435558671972
16,416.7435558671972
17,416.7435558671972
18,416.7435558671972
19,416.7435558671972
20,415.393424854689
21,412.9452295699372
22,416.7435558671972
23,416.7435558671972
24,416.7435558671972
25,416.7435558671972
26,416.7435558671972
27,415.393424854689
28,412.9452295699372
29,416.7435558671972
30,416.7435558671972
31,416.9837144261861
32,416.9837144261861
33,416.9837144261861
34,415.5214785565335
35,413.072210384206
36,416.9837144261861
37,416.9837144261861
38,416.9837144261861
39,416.9837144261861
40,416.9837144261861
41,415.5214785565335
42,413.072210384206
43,416.9837144261861
44,416.9837144261861
45,416.9837144261861
46,416.9837144261861
47,416.9837144261861
48,415.5214785565335
49,413.072210384206
50,416.9837144261861
51,416.9837144261861
52,416.9837144261861
53,416.9837144261861
54,416.9837144261861
55,415.5214785565335
56,413.072210384206
57,416.9837144261861
58,416.9837144261861
59,516.5288864062393
60,516.5288864062393
61,516.5288864062393
62,417.1671691095345
63,415.2941633563321
64,516.5288864062393
65,516.5288864062393
66,516.5288864062393
67,516.5288864062393
68,516.5288864062393
69,417.1671691095345
70,415.2941633563321
71,516.5288864062393
72,516.5288864062393
73,516.5288864062393
74,516.5288864062393
75,516.5288864062393
76,417.1671691095345
77,415.2941633563321
78,516.5288864062393
79,516.5288864062393
80,516.5288864062393
81,516.5288864062393
82,516.5288864062393
83,417.1671691095345
84,415.2941633563321
85,516.5288864062393
86,516.5288864062393
87,516.5288864062393
88,516.5288864062393
89,516.5288864062393
90,416.480796581076
91,414.6652417812997
92,515.819584643595
93,515.819584643595
94,515.819584643595
95,515.819584643595
96,515.819584643595
97,416.480796581076
98,414.6652417812997
99,515.819584643595
100,515.819584643595
101,515.819584643595
102,515.819584643595
103,515.819584643595
104,416.480796581076
105,414.6652417812997
106,515.819584643595
107,515.819584643595
108,515.819584643595
109,515.819584643595
110,515.819584643595
111,416.480796581076
112,414.6652417812997
113,515.819584643595
114,515.819584643595
115,515.819584643595
116,515.819584643595
117,515.819584643595
118,416.480796581076
119,414.6652417812997
120,514.6346230515975
121,514.6346230515975
122,514.6346230515975
123,514.6346230515975
124,514.6346230515975
125,415.3393462046495
126,413.6166170371876
127,514.6346230515975
128,514.6346230515975
129,514.6346230515975
130,514.6346230515975
131,514.6346230515975
132,415.3393462046495
133,413.6166170371876
134,514.6346230515975
135,514.6346230515975
136,514.6346230515975
137,514.6346230515975
138,514.6346230515975
139,415.3393462046495
140,413.6166170371876
141,514.6346230515975
142,514.6346230515975
143,514.6346230515975
144,514.6346230515975
145,514.6346230515975
146,415.3393462046495
147,413.6166170371876
148,514.6346230515975
149,514.6346230515975
150,514.6346230515975
151,565.355991009488
152,565.355991009488
153,416.3651193396529
154,415.7425815788222
155,565.355991009488
156,565.355991009488
157,565.355991009488
158,565.355991009488
159,565.355991009488
160,416.3651193396529
161,415.7425815788222
162,565.355991009488
163,565.355991009488
164,565.355991009488
165,565.355991009488
166,565.355991009488
167,416.3651193396529
168,415.7425815788222
169,565.355991009488
170,565.355991009488
171,565.355991009488
172,565.355991009488
173,565.355991009488
174,416.3651193396529
175,415.7425815788222
176,565.355991009488
177,565.355991009488
178,565.355991009488
179,565.355991009488
180,565.355991009488
181,416.3008367360502
182,415.68065136062336
183,565.2951495388536
184,565.2951495388536
185,565.2951495388536
186,565.2951495388536
187,565.2951495388536
188,416.3008367360502
189,415.68065136062336
190,565.2951495388536
191,565.2951495388536
192,565.2951495388536
193,565.2951495388536
194,565.2951495388536
195,416.3008367360502
196,415.68065136062336
197,565.2951495388536
198,565.2951495388536
199,565.2951495388536
200,565.2951495388536
201,565.2951495388536
202,416.3008367360502
203,415.68065136062336
204,565.2951495388536
205,565.2951495388536
206,565.2951495388536
207,565.2951495388536
208,565.2951495388536
209,416.3008367360502
210,415.68065136062336
211,565.2951495388536
212,564.3816351484319
213,564.3816351484319
214,564.3816351484319
215,564.3816351484319
216,415.6230922606173
217,415.0064952885211
218,564.3816351484319
219,564.3816351484319
220,564.3816351484319
221,564.3816351484319
222,564.3816351484319
223,415.6230922606173
224,415.0064952885211
225,564.3816351484319
226,564.3816351484319
227,564.3816351484319
228,564.3816351484319
229,564.3816351484319
230,415.6230922606173
231,415.0064952885211
232,564.3816351484319
233,564.3816351484319
234,564.3816351484319
235,564.3816351484319
236,564.3816351484319
237,415.6230922606173
238,415.0064952885211
239,564.3816351484319
240,564.3816351484319
241,564.3816351484319
242,564.3816351484319
243,415.2281832283452
244,415.8282396710909
245,413.18715338860295
246,415.2281832283452
247,415.2281832283452
248,415.2281832283452
249,415.2281832283452
250,415.2281832283452
251,415.8282396710909
252,413.18715338860295
253,415.2281832283452
254,415.2281832283452
255,415.2281832283452
256,415.2281832283452
257,415.2281832283452
258,415.8282396710909
259,413.18715338860295
260,415.2281832283452
261,415.2281832283452
262,415.2281832283452
263,415.2281832283452
264,415.2281832283452
265,415.8282396710909
266,413.18715338860295
267,415.2281832283452
268,415.2281832283452
269,415.2281832283452
270,415.2281832283452
271,415.2281832283452
272,415.8282396710909
273,413.8371286956664
274,416.0076381341569
275,416.0076381341569
276,416.0076381341569
277,416.0076381341569
278,416.0076381341569
279,416.5774942396024
280,413.8371286956664
281,416.0076381341569
282,416.0076381341569
283,416.0076381341569
284,416.0076381341569
285,416.0076381341569
286,416.5774942396024
287,413.8371286956664
288,416.0076381341569
289,416.0076381341569
290,416.0076381341569
291,416.0076381341569
292,416.0076381341569
293,416.5774942396024
294,413.8371286956664
295,416.0076381341569
296,416.0076381341569
297,416.0076381341569
298,416.0076381341569
299,416.0076381341569
300,416.5774942396024
301,413.8371286956664
302,416.0076381341569
303,416.0076381341569
304,417.2974803130766
305,417.2974803130766
306,417.2974803130766
307,417.8339038064427
308,414.9733521975834
309,417.2974803130766
310,417.2974803130766
311,417.2974803130766
312,417.2974803130766
313,417.2974803130766
314,417.8339038064427
315,414.9733521975834
316,417.2974803130766
317,417.2974803130766
318,417.2974803130766
319,417.2974803130766
320,417.2974803130766
321,417.8339038064427
322,414.9733521975834
323,417.2974803130766
324,417.2974803130766
325,417.2974803130766
326,417.2974803130766
327,417.2974803130766
328,417.8339038064427
329,414.9733521975834
330,417.2974803130766
331,417.2974803130766
332,417.2974803130766
333,417.2974803130766
334,417.059502569653
335,415.6934932295756
336,413.2166741669173
337,417.059502569653
338,417.059502569653
339,417.059502569653
340,417.059502569653
341,417.059502569653
342,415.6934932295756
343,413.2166741669173
344,417.059502569653
345,417.059502569653
346,417.059502569653
347,417.059502569653
348,417.059502569653
349,415.6934932295756
350,413.2166741669173
351,417.059502569653
352,417.059502569653
353,417.059502569653
354,417.059502569653
355,417.059502569653
356,415.6934932295756
357,413.2166741669173
358,417.059502569653
359,417.059502569653
360,417.059502569653
361,417.059502569653
362,417.059502569653
363,415.6934932295756
364,413.2166741669173
0,409.6592041524162
1,409.6592041524162
2,409.6592041524162
3,409.6592041524162
4,409.6592041524162
5,408.3614164045448
6,406.0841114186964
7,409.6592041524162
8,409.6592041524162
9,409.6592041524162
10,409.6592041524162
11,409.6592041524162
12,408.3614164045448
13,406.0841114186964
14,409.6592041524162
15,409.6592041524162
16,409.6592041524162
17,409.6592041524162
18,409.6592041524162
19,408.3614164045448
20,406.0841114186964
21,409.6592041524162
22,409.6592041524162
23,409.6592041524162
24,409.6592041524162
25,409.6592041524162
26,408.3614164045448
27,406.0841114186964
28,409.6592041524162
29,409.6592041524162
30,409.6592041524162
31,409.9010834819518
32,409.9010834819518
33,408.4903220335024
34,406.2122381141837
35,409.9010834819518
36,409.9010834819518
37,409.9010834819518
38,409.9010834819518
39,409.9010834819518
40,408.4903220335024
41,406.2122381141837
42,409.9010834819518
43,409.9010834819518
44,409.9010834819518
45,409.9010834819518
46,409.9010834819518
47,408.4903220335024
48,406.2122381141837
49,409.9010834819518
50,409.9010834819518
51,409.9010834819518
52,409.9010834819518
53,409.9010834819518
54,408.4903220335024
55,406.2122381141837
56,409.9010834819518
57,409.9010834819518
58,409.9010834819518
59,507.5905251802018
60,507.5905251802018
61,409.7477896938654
62,408.00902273106846
63,507.5905251802018
64,507.5905251802018
65,507.5905251802018
66,507.5905251802018
67,507.5905251802018
68,409.7477896938654
69,408.00902273106846
70,507.5905251802018
71,507.5905251802018
72,507.5905251802018
73,507.5905251802018
74,507.5905251802018
75,409.7477896938654
76,408.00902273106846
77,507.5905251802018
78,507.5905251802018
79,507.5905251802018
80,507.5905251802018
81,507.5905251802018
82,409.7477896938654
83,408.00902273106846
84,507.5905251802018
85,507.5905251802018
86,507.5905251802018
87,507.5905251802018
88,507.5905251802018
89,409.7477896938654
90,407.2848193564448
91,506.77321819601286
92,506.77321819601286
93,506.77321819601286
94,506.77321819601286
95,506.77321819601286
96,408.9592668051984
97,407.2848193564448
98,506.77321819601286
99,506.77321819601286
100,506.77321819601286
101,506.77321819601286
102,506.77321819601286
103,408.9592668051984
104,407.2848193564448
105,506.77321819601286
106,506.77321819601286
107,506.77321819601286
108,506.77321819601286
109,506.77321819601286
110,408.9592668051984
111,407.2848193564448
112,506.77321819601286
113,506.77321819601286
114,506.77321819601286
115,506.77321819601286
116,506.77321819601286
117,408.9592668051984
118,407.2848193564448
119,506.77321819601286
120,505.39653193479126
121,505.39653193479126
122,505.39653193479126
123,505.39653193479126
124,407.6362197224661
125,406.06719527840335
126,505.39653193479126
127,505.39653193479126
128,505.39653193479126
129,505.39653193479126
130,505.39653193479126
131,407.6362197224661
132,406.06719527840335
133,505.39653193479126
134,505.39653193479126
135,505.39653193479126
136,505.39653193479126
137,505.39653193479126
138,407.6362197224661
139,406.06719527840335
140,505.39653193479126
141,505.39653193479126
142,505.39653193479126
143,505.39653193479126
144,505.39653193479126
145,407.6362197224661
146,406.06719527840335
147,505.39653193479126
148,505.39653193479126
149,505.39653193479126
150,505.39653193479126
151,555.2613877487946
152,408.6024151575986
153,408.0320587118574
154,555.2613877487946
155,555.2613877487946
156,555.2613877487946
157,555.2613877487946
158,555.2613877487946
159,408.6024151575986
160,408.0320587118574
161,555.2613877487946
162,555.2613877487946
163,555.2613877487946
164,555.2613877487946
165,555.2613877487946
166,408.6024151575986
167,408.0320587118574
168,555.2613877487946
169,555.2613877487946
170,555.2613877487946
171,555.2613877487946
172,555.2613877487946
173,408.6024151575986
174,408.0320587118574
175,555.2613877487946
176,555.2613877487946
177,555.2613877487946
178,555.2613877487946
179,555.2613877487946
180,408.6024151575986
181,407.9759082172296
182,555.2064768203616
183,555.2064768203616
184,555.2064768203616
185,555.2064768203616
186,555.2064768203616
187,408.54427709502
188,407.9759082172296
189,555.2064768203616
190,555.2064768203616
191,555.2064768203616
192,555.2064768203616
193,555.2064768203616
194,408.54427709502
195,407.9759082172296
196,555.2064768203616
197,555.2064768203616
198,555.2064768203616
199,555.2064768203616
200,555.2064768203616
201,408.54427709502
202,407.9759082172296
203,555.2064768203616
204,555.2064768203616
205,555.2064768203616
206,555.2064768203616
207,555.2064768203616
208,408.54427709502
209,407.9759082172296
210,555.2064768203616
211,555.2064768203616
212,554.2673431692837
213,554.2673431692837
214,554.2673431692837
215,407.8429409467448
216,407.27847437080607
217,554.2673431692837
218,554.2673431692837
219,554.2673431692837
220,554.2673431692837
221,554.2673431692837
222,407.8429409467448
223,407.27847437080607
224,554.2673431692837
225,554.2673431692837
226,554.2673431692837
227,554.2673431692837
228,554.2673431692837
229,407.8429409467448
230,407.27847437080607
231,554.2673431692837
232,554.2673431692837
233,554.2673431692837
234,554.2673431692837
235,554.2673431692837
236,407.8429409467448
237,407.27847437080607
238,554.2673431692837
239,554.2673431692837
240,554.2673431692837
241,554.2673431692837
242,554.2673431692837
243,408.1150164532344
244,405.71246047200606
245,407.6210490031031
246,407.6210490031031
247,407.6210490031031
248,407.6210490031031
249,407.6210490031031
250,408.1150164532344
251,405.71246047200606
252,407.6210490031031
253,407.6210490031031
254,407.6210490031031
255,407.6210490031031
256,407.6210490031031
257,408.1150164532344
258,405.71246047200606
259,407.6210490031031
260,407.6210490031031
261,407.6210490031031
262,407.6210490031031
263,407.6210490031031
264,408.1150164532344
265,405.71246047200606
266,407.6210490031031
267,407.6210490031031
268,407.6210490031031
269,407.6210490031031
270,407.6210490031031
271,408.1150164532344
272,405.71246047200606
273,408.56500131083504
274,408.56500131083504
275,408.56500131083504
276,408.56500131083504
277,408.56500131083504
278,409.01890484092905
279,406.5071117884592
280,408.56500131083504
281,408.56500131083504
282,408.56500131083504
283,408.56500131083504
284,408.56500131083504
285,409.01890484092905
286,406.5071117884592
287,408.56500131083504
288,408.56500131083504
289,408.56500131083504
290,408.56500131083504
291,408.56500131083504
292,409.01890484092905
293,406.5071117884592
294,408.56500131083504
295,408.56500131083504
296,408.56500131083504
297,408.56500131083504
298,408.56500131083504
299,409.01890484092905
300,406.5071117884592
301,408.56500131083504
302,408.56500131083504
303,408.56500131083504
304,410.0507204779154
305,410.0507204779154
306,410.4594327099085
307,407.8164335443696
308,410.0507204779154
309,410.0507204779154
310,410.0507204779154
311,410.0507204779154
312,410.0507204779154
313,410.4594327099085
314,407.8164335443696
315,410.0507204779154
316,410.0507204779154
317,410.0507204779154
318,410.0507204779154
319,410.0507204779154
320,410.4594327099085
321,407.8164335443696
322,410.0507204779154
323,410.0507204779154
324,410.0507204779154
325,410.0507204779154
326,410.0507204779154
327,410.4594327099085
328,407.8164335443696
329,410.0507204779154
330,410.0507204779154
331,410.0507204779154
332,410.0507204779154
333,410.0507204779154
334,408.7065170347756
335,406.3979480806872
336,410.0222965741023
337,410.0222965741023
338,410.0222965741023
339,410.0222965741023
340,410.0222965741023
341,408.7065170347756
342,406.3979480806872
343,410.0222965741023
344,410.0222965741023
345,410.0222965741023
346,410.0222965741023
347,410.0222965741023
348,408.7065170347756
349,406.3979480806872
350,410.0222965741023
351,410.0222965741023
352,410.0222965741023
353,410.0222965741023
354,410.0222965741023
355,408.7065170347756
356,406.3979480806872
357,410.0222965741023
358,410.0222965741023
359,410.0222965741023
360,410.0222965741023
361,410.0222965741023
362,408.7065170347756
363,406.3979480806872
364,410.0222965741023
0,400.3083744151048
1,400.3083744151048
2,400.3083744151048
3,400.3083744151048
4,399.08916796645593
5,396.9788872045863
6,400.3083744151048
7,400.3083744151048
8,400.3083744151048
9,400.3083744151048
10,400.3083744151048
11,399.08916796645593
12,396.9788872045863
13,400.3083744151048
14,400.3083744151048
15,400.3083744151048
16,400.3083744151048
17,400.3083744151048
18,399.08916796645593
19,396.9788872045863
20,400.3083744151048
21,400.3083744151048
22,400.3083744151048
23,400.3083744151048
24,400.3083744151048
25,399.08916796645593
26,396.9788872045863
27,400.3083744151048
28,400.3083744151048
29,400.3083744151048
30,400.3083744151048
31,400.51932179012994
32,399.1909617615839
33,397.0800055198785
34,400.51932179012994
35,400.51932179012994
36,400.51932179012994
37,400.51932179012994
38,400.51932179012994
39,399.1909617615839
40,397.0800055198785
41,400.51932179012994
42,400.51932179012994
43,400.51932179012994
44,400.51932179012994
45,400.51932179012994
46,399.1909617615839
47,397.0800055198785
48,400.51932179012994
49,400.51932179012994
50,400.51932179012994
51,400.51932179012994
52,400.51932179012994
53,399.1909617615839
54,397.0800055198785
55,400.51932179012994
56,400.51932179012994
57,400.51932179012994
58,400.51932179012994
59,496.166958750739
60,400.3031672073516
61,398.6925395726301
62,496.166958750739
63,496.166958750739
64,496.166958750739
65,496.166958750739
66,496.166958750739
67,400.3031672073516
68,398.6925395726301
69,496.166958750739
70,496.166958750739
71,496.166958750739
72,496.166958750739
73,496.166958750739
74,400.3031672073516
75,398.6925395726301
76,496.166958750739
77,496.166958750739
78,496.166958750739
79,496.166958750739
80,496.166958750739
81,400.3031672073516
82,398.6925395726301
83,496.166958750739
84,496.166958750739
85,496.166958750739
86,496.166958750739
87,496.166958750739
88,400.3031672073516
89,398.6925395726301
90,495.3832591099912
91,495.3832591099912
92,495.3832591099912
93,495.3832591099912
94,495.3832591099912
95,399.5473345784189
96,397.9981160226728
97,495.3832591099912
98,495.3832591099912
99,495.3832591099912
100,495.3832591099912
101,495.3832591099912
102,399.5473345784189
103,397.9981160226728
104,495.3832591099912
105,495.3832591099912
106,495.3832591099912
107,495.3832591099912
108,495.3832591099912
109,399.5473345784189
110,397.9981160226728
111,495.3832591099912
112,495.3832591099912
113,495.3832591099912
114,495.3832591099912
115,495.3832591099912
116,399.5473345784189
117,397.9981160226728
118,495.3832591099912
119,495.3832591099912
120,494.0614337847628
121,494.0614337847628
122,494.0614337847628
123,398.2774641056073
124,396.829137442118
125,494.0614337847628
126,494.0614337847628
127,494.0614337847628
128,494.0614337847628
129,494.0614337847628
130,398.2774641056073
131,396.829137442118
132,494.0614337847628
133,494.0614337847628
134,494.0614337847628
135,494.0614337847628
136,494.0614337847628
137,398.2774641056073
138,396.829137442118
139,494.0614337847628
140,494.0614337847628
141,494.0614337847628
142,494.0614337847628
143,494.0614337847628
144,398.2774641056073
145,396.829137442118
146,494.0614337847628
147,494.0614337847628
148,494.0614337847628
149,494.0614337847628
150,494.0614337847628
151,399.19194298385287
152,398.6649802681661
153,542.8750087453999
154,542.8750087453999
155,542.8750087453999
156,542.8750087453999
157,542.8750087453999
158,399.19194298385287
159,398.6649802681661
160,542.8750087453999
161,542.8750087453999
162,542.8750087453999
163,542.8750087453999
164,542.8750087453999
165,399.19194298385287
166,398.6649802681661
167,542.8750087453999
168,542.8750087453999
169,542.8750087453999
170,542.8750087453999
171,542.8750087453999
172,399.19194298385287
173,398.6649802681661
174,542.8750087453999
175,542.8750087453999
176,542.8750087453999
177,542.8750087453999
178,542.8750087453999
179,399.19194298385287
180,398.6649802681661
181,542.8245345727697
182,542.8245345727697
183,542.8245345727697
184,542.8245345727697
185,542.8245345727697
186,399.1384304923141
187,398.6132144686106
188,542.8245345727697
189,542.8245345727697
190,542.8245345727697
191,542.8245345727697
192,542.8245345727697
193,399.1384304923141
194,398.6132144686106
195,542.8245345727697
196,542.8245345727697
197,542.8245345727697
198,542.8245345727697
199,542.8245345727697
200,399.1384304923141
201,398.6132144686106
202,542.8245345727697
203,542.8245345727697
204,542.8245345727697
205,542.8245345727697
206,542.8245345727697
207,399.1384304923141
208,398.6132144686106
209,542.8245345727697
210,542.8245345727697
211,542.8245345727697
212,542.045965058791
213,542.045965058791
214,398.5892812873572
215,398.067618242906
216,542.045965058791
217,542.045965058791
218,542.045965058791
219,542.045965058791
220,542.045965058791
221,398.5892812873572
222,398.067618242906
223,542.045965058791
224,542.045965058791
225,542.045965058791
226,542.045965058791
227,542.045965058791
228,398.5892812873572
229,398.067618242906
230,542.045965058791
231,542.045965058791
232,542.045965058791
233,542.045965058791
234,542.045965058791
235,398.5892812873572
236,398.067618242906
237,542.045965058791
238,542.045965058791
239,542.045965058791
240,542.045965058791
241,542.045965058791
242,398.5892812873572
243,396.5247220536789
244,398.3077508156114
245,398.3077508156114
246,398.3077508156114
247,398.3077508156114
248,398.3077508156114
249,398.74201096322673
250,396.5247220536789
251,398.3077508156114
252,398.3077508156114
253,398.3077508156114
254,398.3077508156114
255,398.3077508156114
256,398.74201096322673
257,396.5247220536789
258,398.3077508156114
259,398.3077508156114
260,398.3077508156114
261,398.3077508156114
262,398.3077508156114
263,398.74201096322673
264,396.5247220536789
265,398.3077508156114
266,398.3077508156114
267,398.3077508156114
268,398.3077508156114
269,398.3077508156114
270,398.74201096322673
271,396.5247220536789
272,398.3077508156114
273,399.20236685645176
274,399.20236685645176
275,399.20236685645176
276,399.20236685645176
277,399.5975020953883
278,397.2761417758608
279,399.20236685645176
280,399.20236685645176
281,399.20236685645176
282,399.20236685645176
283,399.20236685645176
284,399.5975020953883
285,397.2761417758608
286,399.20236685645176
287,399.20236685645176
288,399.20236685645176
289,399.20236685645176
290,399.20236685645176
291,399.5975020953883
292,397.2761417758608
293,399.20236685645176
294,399.20236685645176
295,399.20236685645176
296,399.20236685645176
297,399.20236685645176
298,399.5975020953883
299,397.2761417758608
300,399.20236685645176
301,399.20236685645176
302,399.20236685645176
303,399.20236685645176
304,400.6270545225882
305,400.9778904057121
306,398.5317061749655
307,400.6270545225882
308,400.6270545225882
309,400.6270545225882
310,400.6270545225882
311,400.6270545225882
312,400.9778904057121
313,398.5317061749655
314,400.6270545225882
315,400.6270545225882
316,400.6270545225882
317,400.6270545225882
318,400.6270545225882
319,400.9778904057121
320,398.5317061749655
321,400.6270545225882
322,400.6270545225882
323,400.6270545225882
324,400.6270545225882
325,400.6270545225882
326,400.9778904057121
327,398.5317061749655
328,400.6270545225882
329,400.6270545225882
330,400.6270545225882
331,400.6270545225882
332,400.6270545225882
333,400.9778904057121
334,397.27993239541615
335,400.6563419647816
336,400.6563419647816
337,400.6563419647816
338,400.6563419647816
339,400.6563419647816
340,399.41992003946746
341,397.27993239541615
342,400.6563419647816
343,400.6563419647816
344,400.6563419647816
345,400.6563419647816
346,400.6563419647816
347,399.41992003946746
348,397.27993239541615
349,400.6563419647816
350,400.6563419647816
351,400.6563419647816
352,400.6563419647816
353,400.6563419647816
354,399.41992003946746
355,397.27993239541615
356,400.6563419647816
357,400.6563419647816
358,400.6563419647816
359,400.6563419647816
360,400.6563419647816
361,399.41992003946746
362,397.27993239541615
363,400.6563419647816
364,400.6563419647816
0,388.8655254504148
1,388.8655254504148
2,388.8655254504148
3,387.760755023411
4,385.9012360209222
5,388.8655254504148
6,388.8655254504148
7,388.8655254504148
8,388.8655254504148
9,388.8655254504148
10,387.760755023411
11,385.9012360209222
12,388.8655254504148
13,388.8655254504148
14,388.8655254504148
15,388.8655254504148
16,388.8655254504148
17,387.760755023411
18,385.9012360209222
19,388.8655254504148
20,388.8655254504148
21,388.8655254504148
22,388.8655254504148
23,388.8655254504148
24,387.760755023411
25,385.9012360209222
26,388.8655254504148
27,388.8655254504148
28,388.8655254504148
29,388.8655254504148
30,388.8655254504148
31,387.85944840918114
32,385.9994111871573
33,389.0680154496287
34,389.0680154496287
35,389.0680154496287
36,389.0680154496287
37,389.0680154496287
38,387.85944840918114
39,385.9994111871573
40,389.0680154496287
41,389.0680154496287
42,389.0680154496287
43,389.0680154496287
44,389.0680154496287
45,387.85944840918114
46,385.9994111871573
47,389.0680154496287
48,389.0680154496287
49,389.0680154496287
50,389.0680154496287
51,389.0680154496287
52,387.85944840918114
53,385.9994111871573
54,389.0680154496287
55,389.0680154496287
56,389.0680154496287
57,389.0680154496287
58,389.0680154496287
59,387.85944840918114
60,387.2978138274282
61,482.0548032259245
62,482.0548032259245
63,482.0548032259245
64,482.0548032259245
65,482.0548032259245
66,388.7156971123773
67,387.2978138274282
68,482.0548032259245
69,482.0548032259245
70,482.0548032259245
71,482.0548032259245
72,482.0548032259245
73,388.7156971123773
74,387.2978138274282
75,482.0548032259245
76,482.0548032259245
77,482.0548032259245
78,482.0548032259245
79,482.0548032259245
80,388.7156971123773
81,387.2978138274282
82,482.0548032259245
83,482.0548032259245
84,482.0548032259245
85,482.0548032259245
86,482.0548032259245
87,388.7156971123773
88,387.2978138274282
89,482.0548032259245
90,482.0548032259245
91,481.3002809099567
92,481.3002809099567
93,481.3002809099567
94,387.98873006064434
95,386.6293678933175
96,481.3002809099567
97,481.3002809099567
98,481.3002809099567
99,481.3002809099567
100,481.3002809099567
101,387.98873006064434
102,386.6293678933175
103,481.3002809099567
104,481.3002809099567
105,481.3002809099567
106,481.3002809099567
107,481.3002809099567
108,387.98873006064434
109,386.6293678933175
110,481.3002809099567
111,481.3002809099567
112,481.3002809099567
113,481.3002809099567
114,481.3002809099567
115,387.98873006064434
116,386.6293678933175
117,481.3002809099567
118,481.3002809099567
119,481.3002809099567
120,481.3002809099567
121,480.02398338439576
122,386.76358637327496
123,385.50087741347664
124,480.02398338439576
125,480.02398338439576
126,480.02398338439576
127,480.02398338439576
128,480.02398338439576
129,386.76358637327496
130,385.50087741347664
131,480.02398338439576
132,480.02398338439576
133,480.02398338439576
134,480.02398338439576
135,480.02398338439576
136,386.76358637327496
137,385.50087741347664
138,480.02398338439576
139,480.02398338439576
140,480.02398338439576
141,480.02398338439576
142,480.02398338439576
143,386.76358637327496
144,385.50087741347664
145,480.02398338439576
146,480.02398338439576
147,480.02398338439576
148,480.02398338439576
149,480.02398338439576
150,386.76358637327496
151,385.50087741347664
152,527.4820537683781
153,527.4820537683781
154,527.4820537683781
155,527.4820537683781
156,527.4820537683781
157,387.6033850557795
158,387.1424226161787
159,527.4820537683781
160,527.4820537683781
161,527.4820537683781
162,527.4820537683781
163,527.4820537683781
164,387.6033850557795
165,387.1424226161787
166,527.4820537683781
167,527.4820537683781
168,527.4820537683781
169,527.4820537683781
170,527.4820537683781
171,387.6033850557795
172,387.1424226161787
173,527.4820537683781
174,527.4820537683781
175,527.4820537683781
176,527.4820537683781
177,527.4820537683781
178,387.6033850557795
179,387.1424226161787
180,527.4820537683781
181,527.4820537683781
182,527.4383374293326
183,527.4383374293326
184,527.4383374293326
185,387.556957743137
186,387.0974194708148
187,527.4383374293326
188,527.4383374293326
189,527.4383374293326
190,527.4383374293326
191,527.4383374293326
192,387.556957743137
193,387.0974194708148
194,527.4383374293326
195,527.4383374293326
196,527.4383374293326
197,527.4383374293326
198,527.4383374293326
199,387.556957743137
200,387.0974194708148
201,527.4383374293326
202,527.4383374293326
203,527.4383374293326
204,527.4383374293326
205,527.4383374293326
206,387.556957743137
207,387.0974194708148
208,527.4383374293326
209,527.4383374293326
210,527.4383374293326
211,527.4383374293326
212,527.4383374293326
213,387.02148409655945
214,386.5654760284248
215,526.6846612717492
216,526.6846612717492
217,526.6846612717492
218,526.6846612717492
219,526.6846612717492
220,387.02148409655945
221,386.5654760284248
222,526.6846612717492
223,526.6846612717492
224,526.6846612717492
225,526.6846612717492
226,526.6846612717492
227,387.02148409655945
228,386.5654760284248
229,526.6846612717492
230,526.6846612717492
231,526.6846612717492
232,526.6846612717492
233,526.6846612717492
234,387.02148409655945
235,386.5654760284248
236,526.6846612717492
237,526.6846612717492
238,526.6846612717492
239,526.6846612717492
240,526.6846612717492
241,387.02148409655945
242,386.5654760284248
243,526.6846612717492
244,386.8728750835724
245,386.8728750835724
246,386.8728750835724
247,386.8728750835724
248,387.21127808811366
249,385.2794913354905
250,386.8728750835724
251,386.8728750835724
252,386.8728750835724
253,386.8728750835724
254,386.8728750835724
255,387.21127808811366
256,385.2794913354905
257,386.8728750835724
258,386.8728750835724
259,386.8728750835724
260,386.8728750835724
261,386.8728750835724
262,387.21127808811366
263,385.2794913354905
264,386.8728750835724
265,386.8728750835724
266,386.8728750835724
267,386.8728750835724
268,386.8728750835724
269,387.21127808811366
270,385.2794913354905
271,386.8728750835724
272,386.8728750835724
273,386.8728750835724
274,387.7215217102987
275,387.7215217102987
276,388.0205872697785
277,385.9902301215295
278,387.7215217102987
279,387.7215217102987
280,387.7215217102987
281,387.7215217102987
282,387.7215217102987
283,388.0205872697785
284,385.9902301215295
285,387.7215217102987
286,387.7215217102987
287,387.7215217102987
288,387.7215217102987
289,387.7215217102987
290,388.0205872697785
291,385.9902301215295
292,387.7215217102987
293,387.7215217102987
294,387.7215217102987
295,387.7215217102987
296,387.7215217102987
297,388.0205872697785
298,385.9902301215295
299,387.7215217102987
300,387.7215217102987
301,387.7215217102987
302,387.7215217102987
303,387.7215217102987
304,388.0205872697785
305,387.19910869472665
306,389.0930609878616
307,389.0930609878616
308,389.0930609878616
309,389.0930609878616
310,389.0930609878616
311,389.3473309277439
312,387.19910869472665
313,389.0930609878616
314,389.0930609878616
315,389.0930609878616
316,389.0930609878616
317,389.0930609878616
318,389.3473309277439
319,387.19910869472665
320,389.0930609878616
321,389.0930609878616
322,389.0930609878616
323,389.0930609878616
324,389.0930609878616
325,389.3473309277439
326,387.19910869472665
327,389.0930609878616
328,389.0930609878616
329,389.0930609878616
330,389.0930609878616
331,389.0930609878616
332,389.3473309277439
333,387.19910869472665
334,389.0930609878616
335,389.20020293144125
336,389.20020293144125
337,389.20020293144125
338,389.20020293144125
339,388.0789524121148
340,386.1913957206744
341,389.20020293144125
342,389.20020293144125
343,389.20020293144125
344,389.20020293144125
345,389.20020293144125
346,388.0789524121148
347,386.1913957206744
348,389.20020293144125
349,389.20020293144125
350,389.20020293144125
351,389.20020293144125
352,389.20020293144125
353,388.0789524121148
354,386.1913957206744
355,389.20020293144125
356,389.20020293144125
357,389.20020293144125
358,389.20020293144125
359,389.20020293144125
360,388.0789524121148
361,386.1913957206744
362,389.20020293144125
363,389.20020293144125
364,389.20020293144125
365,389.20020293144125
0,382.9035398510376
1,381.9005652303138
2,380.2392632234487
3,382.9035398510376
4,382.9035398510376
5,382.9035398510376
6,382.9035398510376
7,382.9035398510376
8,381.9005652303138
9,380.2392632234487
10,382.9035398510376
11,382.9035398510376
12,382.9035398510376
13,382.9035398510376
14,382.9035398510376
15,381.9005652303138
16,380.2392632234487
17,382.9035398510376
18,382.9035398510376
19,382.9035398510376
20,382.9035398510376
21,382.9035398510376
22,381.9005652303138
23,380.2392632234487
24,382.9035398510376
25,382.9035398510376
26,382.9035398510376
27,382.9035398510376
28,382.9035398510376
29,381.9005652303138
30,380.2392632234487
31,383.1100232862812
32,383.1100232862812
33,383.1100232862812
34,383.1100232862812
35,383.1100232862812
36,382.00447316225
37,380.34249718876487
38,383.1100232862812
39,383.1100232862812
40,383.1100232862812
41,383.1100232862812
42,383.1100232862812
43,382.00447316225
44,380.34249718876487
45,383.1100232862812
46,383.1100232862812
47,383.1100232862812
48,383.1100232862812
49,383.1100232862812
50,382.00447316225
51,380.34249718876487
52,383.1100232862812
53,383.1100232862812
54,383.1100232862812
55,383.1100232862812
56,383.1100232862812
57,382.00447316225
58,380.34249718876487
59,475.197714628218
60,475.197714628218
61,475.197714628218
62,475.197714628218
63,475.197714628218
64,383.0196568665947
65,381.74894263270704
66,475.197714628218
67,475.197714628218
68,475.197714628218
69,475.197714628218
70,475.197714628218
71,383.0196568665947
72,381.74894263270704
73,475.197714628218
74,475.197714628218
75,475.197714628218
76,475.197714628218
77,475.197714628218
78,383.0196568665947
79,381.74894263270704
80,475.197714628218
81,475.197714628218
82,475.197714628218
83,475.197714628218
84,475.197714628218
85,383.0196568665947
86,381.74894263270704
87,475.197714628218
88,475.197714628218
89,475.197714628218
90,474.6878947084383
91,474.6878947084383
92,382.52645270354543
93,381.2966160831446
94,474.6878947084383
95,474.6878947084383
96,474.6878947084383
97,474.6878947084383
98,474.6878947084383
99,382.52645270354543
100,381.2966160831446
101,474.6878947084383
102,474.6878947084383
103,474.6878947084383
104,474.6878947084383
105,474.6878947084383
106,382.52645270354543
107,381.2966160831446
108,474.6878947084383
109,474.6878947084383
110,474.6878947084383
111,474.6878947084383
112,474.6878947084383
113,382.52645270354543
114,381.2966160831446
115,474.6878947084383
116,474.6878947084383
117,474.6878947084383
118,474.6878947084383
119,474.6878947084383
120,381.703573648461
121,380.5402376647163
122,473.83281525968783
123,473.83281525968783
124,473.83281525968783
125,473.83281525968783
126,473.83281525968783
127,381.703573648461
128,380.5402376647163
129,473.83281525968783
130,473.83281525968783
131,473.83281525968783
132,473.83281525968783
133,473.83281525968783
134,381.703573648461
135,380.5402376647163
136,473.83281525968783
137,473.83281525968783
138,473.83281525968783
139,473.83281525968783
140,473.83281525968783
141,381.703573648461
142,380.5402376647163
143,473.83281525968783
144,473.83281525968783
145,473.83281525968783
146,473.83281525968783
147,473.83281525968783
148,381.703573648461
149,380.5402376647163
150,473.83281525968783
151,520.6854990376121
152,520.6854990376121
153,520.6854990376121
154,520.6854990376121
155,382.51480496304765
156,382.0929653328302
157,520.6854990376121
158,520.6854990376121
159,520.6854990376121
160,520.6854990376121
161,520.6854990376121
162,382.51480496304765
163,382.0929653328302
164,520.6854990376121
165,520.6854990376121
166,520.6854990376121
167,520.6854990376121
168,520.6854990376121
169,382.51480496304765
170,382.0929653328302
171,520.6854990376121
172,520.6854990376121
173,520.6854990376121
174,520.6854990376121
175,520.6854990376121
176,382.51480496304765
177,382.0929653328302
178,520.6854990376121
179,520.6854990376121
180,520.6854990376121
181,520.645311183394
182,520.645311183394
183,382.4720302077374
184,382.0513940627924
185,520.645311183394
186,520.645311183394
187,520.645311183394
188,520.645311183394
189,520.645311183394
190,382.4720302077374
191,382.0513940627924
192,520.645311183394
193,520.645311183394
194,520.645311183394
195,520.645311183394
196,520.645311183394
197,382.4720302077374
198,382.0513940627924
199,520.645311183394
200,520.645311183394
201,520.645311183394
202,520.645311183394
203,520.645311183394
204,382.4720302077374
205,382.0513940627924
206,520.645311183394
207,520.645311183394
208,520.645311183394
209,520.645311183394
210,520.645311183394
211,382.4720302077374
212,381.50916772569815
213,519.8841093210631
214,519.8841093210631
215,519.8841093210631
216,519.8841093210631
217,519.8841093210631
218,381.92612602463134
219,381.50916772569815
220,519.8841093210631
221,519.8841093210631
222,519.8841093210631
223,519.8841093210631
224,519.8841093210631
225,381.92612602463134
226,381.50916772569815
227,519.8841093210631
228,519.8841093210631
229,519.8841093210631
230,519.8841093210631
231,519.8841093210631
232,381.92612602463134
233,381.50916772569815
234,519.8841093210631
235,519.8841093210631
236,519.8841093210631
237,519.8841093210631
238,519.8841093210631
239,381.92612602463134
240,381.50916772569815
241,519.8841093210631
242,519.8841093210631
243,381.862796267472
244,381.862796267472
245,381.862796267472
246,382.1523913640589
247,380.3703205490084
248,381.862796267472
249,381.862796267472
250,381.862796267472
251,381.862796267472
252,381.862796267472
253,382.1523913640589
254,380.3703205490084
255,381.862796267472
256,381.862796267472
257,381.862796267472
258,381.862796267472
259,381.862796267472
260,382.1523913640589
261,380.3703205490084
262,381.862796267472
263,381.862796267472
264,381.862796267472
265,381.862796267472
266,381.862796267472
267,382.1523913640589
268,380.3703205490084
269,381.862796267472
270,381.862796267472
271,381.862796267472
272,381.862796267472
273,382.3192982068605
274,382.5862264078494
275,380.7336213119391
276,382.3192982068605
277,382.3192982068605
278,382.3192982068605
279,382.3192982068605
280,382.3192982068605
281,382.5862264078494
282,380.7336213119391
283,382.3192982068605
284,382.3192982068605
285,382.3192982068605
286,382.3192982068605
287,382.3192982068605
288,382.5862264078494
289,380.7336213119391
290,382.3192982068605
291,382.3192982068605
292,382.3192982068605
293,382.3192982068605
294,382.3192982068605
295,382.5862264078494
296,380.7336213119391
297,382.3192982068605
298,382.3192982068605
299,382.3192982068605
300,382.3192982068605
301,382.3192982068605
302,382.5862264078494
303,380.7336213119391
304,383.2470492155788
305,383.2470492155788
306,383.2470492155788
307,383.2470492155788
308,383.2470492155788
309,383.4883341812911
310,381.5507141211317
311,383.2470492155788
312,383.2470492155788
313,383.2470492155788
314,383.2470492155788
315,383.2470492155788
316,383.4883341812911
317,381.5507141211317
318,383.2470492155788
319,383.2470492155788
320,383.2470492155788
321,383.2470492155788
322,383.2470492155788
323,383.4883341812911
324,381.5507141211317
325,383.2470492155788
326,383.2470492155788
327,383.2470492155788
328,383.2470492155788
329,383.2470492155788
330,383.4883341812911
331,381.5507141211317
332,383.2470492155788
333,383.2470492155788
334,383.13008136197885
335,383.13008136197885
336,383.13008136197885
337,382.1157239201965
338,380.4343932067387
339,383.13008136197885
340,383.13008136197885
341,383.13008136197885
342,383.13008136197885
343,383.13008136197885
344,382.1157239201965
345,380.4343932067387
346,383.13008136197885
347,383.13008136197885
348,383.13008136197885
349,383.13008136197885
350,383.13008136197885
351,382.1157239201965
352,380.4343932067387
353,383.13008136197885
354,383.13008136197885
355,383.13008136197885
356,383.13008136197885
357,383.13008136197885
358,382.1157239201965
359,380.4343932067387
360,383.13008136197885
361,383.13008136197885
362,383.13008136197885
363,383.13008136197885
364,383.13008136197885
