,Unnamed: 0,YY,MM,DD,VAL
0,0,2012,12,31,84.0
1,1,2013,1,1,59.0
2,2,2013,1,2,50.0
3,3,2013,1,3,76.0
4,4,2013,1,4,77.0
5,5,2013,1,5,185.0
6,6,2013,1,6,85.0
7,7,2013,1,7,46.0
8,8,2013,1,8,58.0
9,9,2013,1,9,70.0
10,10,2013,1,10,64.0
11,11,2013,1,11,57.0
12,12,2013,1,12,40.0
13,13,2013,1,13,25.0
14,14,2013,1,14,23.0
15,15,2013,1,15,7.0
16,16,2013,1,16,18.0
17,17,2013,1,17,39.0
18,18,2013,1,18,49.0
19,19,2013,1,19,23.0
20,20,2013,1,20,42.0
21,21,2013,1,21,0.0
22,22,2013,1,22,25.0
23,23,2013,1,23,23.0
24,24,2013,1,24,23.0
25,25,2013,1,25,52.0
26,26,2013,1,26,63.0
27,27,2013,1,27,61.0
28,28,2013,1,28,63.0
29,29,2013,1,29,0.0
30,30,2013,1,30,59.0
31,31,2013,1,31,75.0
32,32,2013,2,1,37.0
33,33,2013,2,2,10.0
34,34,2013,2,3,30.0
35,35,2013,2,4,55.0
36,36,2013,2,5,44.0
37,37,2013,2,6,31.0
38,38,2013,2,7,44.0
39,39,2013,2,8,36.0
40,40,2013,2,9,18.0
41,41,2013,2,10,0.0
42,42,2013,2,11,37.0
43,43,2013,2,12,50.0
44,44,2013,2,13,0.0
45,45,2013,2,14,69.0
46,46,2013,2,15,57.0
47,47,2013,2,16,33.0
48,48,2013,2,17,34.0
49,49,2013,2,18,76.0
50,50,2013,2,19,0.0
51,51,2013,2,20,13.0
52,52,2013,2,21,0.0
53,53,2013,2,22,35.0
54,54,2013,2,23,22.0
55,55,2013,2,24,33.0
56,56,2013,2,25,35.0
57,57,2013,2,26,42.0
58,58,2013,2,27,44.0
59,59,2013,2,28,56.0
60,60,2013,3,1,46.0
61,61,2013,3,2,72.0
62,62,2013,3,3,71.0
63,63,2013,3,4,57.0
64,64,2013,3,5,31.0
65,65,2013,3,6,24.0
66,66,2013,3,7,41.0
67,67,2013,3,8,37.0
68,68,2013,3,9,30.0
69,69,2013,3,10,39.0
70,70,2013,3,11,0.0
71,71,2013,3,12,15.0
72,72,2013,3,13,12.0
73,73,2013,3,14,17.0
74,74,2013,3,15,23.0
75,75,2013,3,16,31.0
76,76,2013,3,17,14.0
77,77,2013,3,18,0.0
78,78,2013,3,19,44.0
79,79,2013,3,20,34.0
80,80,2013,3,21,31.0
81,81,2013,3,22,35.0
82,82,2013,3,23,24.0
83,83,2013,3,24,19.0
84,84,2013,3,25,24.0
85,85,2013,3,26,29.0
86,86,2013,3,27,40.0
87,87,2013,3,28,34.0
88,88,2013,3,29,31.0
89,89,2013,3,30,15.0
90,90,2013,3,31,15.0
91,91,2013,4,1,15.0
92,92,2013,4,2,15.0
93,93,2013,4,3,18.0
94,94,2013,4,4,13.0
95,95,2013,4,5,18.0
96,96,2013,4,6,18.0
97,97,2013,4,7,16.0
98,98,2013,4,8,27.0
99,99,2013,4,9,35.0
100,100,2013,4,10,29.0
101,101,2013,4,11,28.0
102,102,2013,4,12,26.0
103,103,2013,4,13,35.0
104,104,2013,4,14,34.0
105,105,2013,4,15,29.0
106,106,2013,4,16,32.0
107,107,2013,4,17,52.0
108,108,2013,4,18,41.0
109,109,2013,4,19,31.0
110,110,2013,4,20,0.0
111,111,2013,4,21,0.0
112,112,2013,4,22,0.0
113,113,2013,4,23,0.0
114,114,2013,4,24,16.0
115,115,2013,4,25,15.0
116,116,2013,4,26,33.0
117,117,2013,4,27,23.0
118,118,2013,4,28,34.0
119,119,2013,4,29,40.0
120,120,2013,4,30,40.0
121,121,2013,5,1,38.0
122,122,2013,5,2,0.0
123,123,2013,5,3,44.0
124,124,2013,5,4,39.0
125,125,2013,5,5,14.0
126,126,2013,5,6,26.0
127,127,2013,5,7,24.0
128,128,2013,5,8,30.0
129,129,2013,5,9,30.0
130,130,2013,5,10,12.0
131,131,2013,5,11,10.0
132,132,2013,5,12,12.0
133,133,2013,5,13,13.0
134,134,2013,5,14,16.0
135,135,2013,5,15,0.0
136,136,2013,5,16,0.0
137,137,2013,5,17,0.0
138,138,2013,5,18,0.0
139,139,2013,5,19,9.0
140,140,2013,5,20,13.0
141,141,2013,5,21,14.0
142,142,2013,5,22,12.0
143,143,2013,5,23,7.0
144,144,2013,5,24,10.0
145,145,2013,5,25,8.0
146,146,2013,5,26,16.0
147,147,2013,5,27,16.0
148,148,2013,5,28,14.0
149,149,2013,5,29,13.0
150,150,2013,5,30,16.0
151,151,2013,5,31,18.0
152,152,2013,6,1,19.0
153,153,2013,6,2,10.0
154,154,2013,6,3,18.0
155,155,2013,6,4,15.0
156,156,2013,6,5,22.0
157,157,2013,6,6,17.0
158,158,2013,6,7,19.0
159,159,2013,6,8,22.0
160,160,2013,6,9,21.0
161,161,2013,6,10,31.0
162,162,2013,6,11,31.0
163,163,2013,6,12,24.0
164,164,2013,6,13,22.0
165,165,2013,6,14,26.0
166,166,2013,6,15,28.0
167,167,2013,6,16,25.0
168,168,2013,6,17,29.0
169,169,2013,6,18,26.0
170,170,2013,6,19,29.0
171,171,2013,6,20,25.0
172,172,2013,6,21,21.0
173,173,2013,6,22,19.0
174,174,2013,6,23,12.0
175,175,2013,6,24,13.0
176,176,2013,6,25,12.0
177,177,2013,6,26,12.0
178,178,2013,6,27,13.0
179,179,2013,6,28,31.0
180,180,2013,6,29,27.0
181,181,2013,6,30,14.0
182,182,2013,7,1,17.0
183,183,2013,7,2,50.0
184,184,2013,7,3,35.0
185,185,2013,7,4,21.0
186,186,2013,7,5,20.0
187,187,2013,7,6,18.0
188,188,2013,7,7,26.0
189,189,2013,7,8,29.0
190,190,2013,7,9,29.0
191,191,2013,7,10,32.0
192,192,2013,7,11,22.0
193,193,2013,7,12,0.0
194,194,2013,7,13,0.0
195,195,2013,7,14,0.0
196,196,2013,7,15,23.0
197,197,2013,7,16,22.0
198,198,2013,7,17,24.0
199,199,2013,7,18,26.0
200,200,2013,7,19,32.0
201,201,2013,7,20,30.0
202,202,2013,7,21,26.0
203,203,2013,7,22,28.0
204,204,2013,7,23,27.0
205,205,2013,7,24,29.0
206,206,2013,7,25,34.0
207,207,2013,7,26,35.0
208,208,2013,7,27,24.0
209,209,2013,7,28,23.0
210,210,2013,7,29,10.0
211,211,2013,7,30,15.0
212,212,2013,7,31,22.0
213,213,2013,8,1,21.0
214,214,2013,8,2,32.0
215,215,2013,8,3,28.0
216,216,2013,8,4,31.0
217,217,2013,8,5,56.0
218,218,2013,8,6,38.0
219,219,2013,8,7,42.0
220,220,2013,8,8,25.0
221,221,2013,8,9,18.0
222,222,2013,8,10,18.0
223,223,2013,8,11,23.0
224,224,2013,8,12,27.0
225,225,2013,8,13,13.0
226,226,2013,8,14,16.0
227,227,2013,8,15,21.0
228,228,2013,8,16,23.0
229,229,2013,8,17,26.0
230,230,2013,8,18,26.0
231,231,2013,8,19,11.0
232,232,2013,8,20,25.0
233,233,2013,8,21,34.0
234,234,2013,8,22,28.0
235,235,2013,8,23,19.0
236,236,2013,8,24,10.0
237,237,2013,8,25,10.0
238,238,2013,8,26,10.0
239,239,2013,8,27,12.0
240,240,2013,8,28,13.0
241,241,2013,8,29,15.0
242,242,2013,8,30,18.0
243,243,2013,8,31,19.0
244,244,2013,9,1,13.0
245,245,2013,9,2,21.0
246,246,2013,9,3,19.0
247,247,2013,9,4,14.0
248,248,2013,9,5,19.0
249,249,2013,9,6,22.0
250,250,2013,9,7,24.0
251,251,2013,9,8,23.0
252,252,2013,9,9,21.0
253,253,2013,9,10,14.0
254,254,2013,9,11,16.0
255,255,2013,9,12,21.0
256,256,2013,9,13,28.0
257,257,2013,9,14,40.0
258,258,2013,9,15,23.0
259,259,2013,9,16,15.0
260,260,2013,9,17,19.0
261,261,2013,9,18,35.0
262,262,2013,9,19,16.0
263,263,2013,9,20,20.0
264,264,2013,9,21,20.0
265,265,2013,9,22,29.0
266,266,2013,9,23,53.0
267,267,2013,9,24,41.0
268,268,2013,9,25,30.0
269,269,2013,9,26,47.0
270,270,2013,9,27,49.0
271,271,2013,9,28,24.0
272,272,2013,9,29,9.0
273,273,2013,9,30,16.0
274,274,2013,10,1,21.0
275,275,2013,10,2,29.0
276,276,2013,10,3,25.0
277,277,2013,10,4,30.0
278,278,2013,10,5,18.0
279,279,2013,10,6,25.0
280,280,2013,10,7,36.0
281,281,2013,10,8,50.0
282,282,2013,10,9,33.0
283,283,2013,10,10,12.0
284,284,2013,10,11,17.0
285,285,2013,10,12,24.0
286,286,2013,10,13,45.0
287,287,2013,10,14,55.0
288,288,2013,10,15,0.0
289,289,2013,10,16,55.0
290,290,2013,10,17,54.0
291,291,2013,10,18,63.0
292,292,2013,10,19,0.0
293,293,2013,10,20,63.0
294,294,2013,10,21,52.0
295,295,2013,10,22,36.0
296,296,2013,10,23,19.0
297,297,2013,10,24,0.0
298,298,2013,10,25,49.0
299,299,2013,10,26,30.0
300,300,2013,10,27,47.0
301,301,2013,10,28,36.0
302,302,2013,10,29,27.0
303,303,2013,10,30,0.0
304,304,2013,10,31,41.0
305,305,2013,11,1,58.0
306,306,2013,11,2,59.0
307,307,2013,11,3,31.0
308,308,2013,11,4,28.0
309,309,2013,11,5,53.0
310,310,2013,11,6,57.0
311,311,2013,11,7,69.0
312,312,2013,11,8,52.0
313,313,2013,11,9,31.0
314,314,2013,11,10,14.0
315,315,2013,11,11,20.0
316,316,2013,11,12,29.0
317,317,2013,11,13,23.0
318,318,2013,11,14,0.0
319,319,2013,11,15,0.0
320,320,2013,11,16,0.0
321,321,2013,11,17,0.0
322,322,2013,11,18,21.0
323,323,2013,11,19,23.0
324,324,2013,11,20,13.0
325,325,2013,11,21,12.0
326,326,2013,11,22,9.0
327,327,2013,11,23,18.0
328,328,2013,11,24,22.0
329,329,2013,11,25,29.0
330,330,2013,11,26,31.0
331,331,2013,11,27,35.0
332,332,2013,11,28,67.0
333,333,2013,11,29,58.0
334,334,2013,11,30,29.0
335,335,2013,12,1,27.0
336,336,2013,12,2,63.0
337,337,2013,12,3,80.0
338,338,2013,12,4,94.0
339,339,2013,12,5,92.0
340,340,2013,12,6,98.0
341,341,2013,12,7,77.0
342,342,2013,12,8,70.0
343,343,2013,12,9,59.0
344,344,2013,12,10,57.0
345,345,2013,12,11,48.0
346,346,2013,12,12,66.0
347,347,2013,12,13,56.0
348,348,2013,12,14,56.0
349,349,2013,12,15,76.0
350,350,2013,12,16,96.0
351,351,2013,12,17,89.0
352,352,2013,12,18,95.0
353,353,2013,12,19,57.0
354,354,2013,12,20,47.0
355,355,2013,12,21,55.0
356,356,2013,12,22,49.0
357,357,2013,12,23,30.0
358,358,2013,12,24,33.0
359,359,2013,12,25,15.0
360,360,2013,12,26,27.0
361,361,2013,12,27,34.0
362,362,2013,12,28,32.0
363,363,2013,12,29,17.0
364,364,2013,12,30,42.0
0,0,2013,12,31,65.0
1,1,2014,1,1,58.0
2,2,2014,1,2,42.0
3,3,2014,1,3,38.0
4,4,2014,1,4,16.0
5,5,2014,1,5,32.0
6,6,2014,1,6,57.0
7,7,2014,1,7,65.0
8,8,2014,1,8,71.0
9,9,2014,1,9,67.0
10,10,2014,1,10,86.0
11,11,2014,1,11,70.0
12,12,2014,1,12,83.0
13,13,2014,1,13,32.0
14,14,2014,1,14,31.0
15,15,2014,1,15,42.0
16,16,2014,1,16,33.0
17,17,2014,1,17,26.0
18,18,2014,1,18,27.0
19,19,2014,1,19,31.0
20,20,2014,1,20,42.0
21,21,2014,1,21,55.0
22,22,2014,1,22,49.0
23,23,2014,1,23,21.0
24,24,2014,1,24,29.0
25,25,2014,1,25,45.0
26,26,2014,1,26,33.0
27,27,2014,1,27,29.0
28,28,2014,1,28,39.0
29,29,2014,1,29,18.0
30,30,2014,1,30,27.0
31,31,2014,1,31,29.0
32,32,2014,2,1,26.0
33,33,2014,2,2,14.0
34,34,2014,2,3,19.0
35,35,2014,2,4,21.0
36,36,2014,2,5,19.0
37,37,2014,2,6,32.0
38,38,2014,2,7,27.0
39,39,2014,2,8,24.0
40,40,2014,2,9,12.0
41,41,2014,2,10,29.0
42,42,2014,2,11,40.0
43,43,2014,2,12,45.0
44,44,2014,2,13,29.0
45,45,2014,2,14,39.0
46,46,2014,2,15,49.0
47,47,2014,2,16,42.0
48,48,2014,2,17,35.0
49,49,2014,2,18,34.0
50,50,2014,2,19,14.0
51,51,2014,2,20,34.0
52,52,2014,2,21,11.0
53,53,2014,2,22,20.0
54,54,2014,2,23,39.0
55,55,2014,2,24,44.0
56,56,2014,2,25,40.0
57,57,2014,2,26,37.0
58,58,2014,2,27,26.0
59,59,2014,2,28,8.0
60,60,2014,3,1,17.0
61,61,2014,3,2,24.0
62,62,2014,3,3,16.0
63,63,2014,3,4,23.0
64,64,2014,3,5,29.0
65,65,2014,3,6,33.0
66,66,2014,3,7,41.0
67,67,2014,3,8,44.0
68,68,2014,3,9,31.0
69,69,2014,3,10,34.0
70,70,2014,3,11,50.0
71,71,2014,3,12,68.0
72,72,2014,3,13,81.0
73,73,2014,3,14,86.0
74,74,2014,3,15,77.0
75,75,2014,3,16,59.0
76,76,2014,3,17,78.0
77,77,2014,3,18,85.0
78,78,2014,3,19,66.0
79,79,2014,3,20,54.0
80,80,2014,3,21,38.0
81,81,2014,3,22,10.0
82,82,2014,3,23,5.0
83,83,2014,3,24,12.0
84,84,2014,3,25,14.0
85,85,2014,3,26,19.0
86,86,2014,3,27,27.0
87,87,2014,3,28,36.0
88,88,2014,3,29,40.0
89,89,2014,3,30,43.0
90,90,2014,3,31,27.0
91,91,2014,4,1,27.0
92,92,2014,4,2,0.0
93,93,2014,4,3,27.0
94,94,2014,4,4,27.0
95,95,2014,4,5,33.0
96,96,2014,4,6,38.0
97,97,2014,4,7,38.0
98,98,2014,4,8,20.0
99,99,2014,4,9,18.0
100,100,2014,4,10,16.0
101,101,2014,4,11,14.0
102,102,2014,4,12,14.0
103,103,2014,4,13,23.0
104,104,2014,4,14,12.0
105,105,2014,4,15,9.0
106,106,2014,4,16,13.0
107,107,2014,4,17,24.0
108,108,2014,4,18,19.0
109,109,2014,4,19,21.0
110,110,2014,4,20,16.0
111,111,2014,4,21,25.0
112,112,2014,4,22,26.0
113,113,2014,4,23,18.0
114,114,2014,4,24,18.0
115,115,2014,4,25,14.0
116,116,2014,4,26,13.0
117,117,2014,4,27,9.0
118,118,2014,4,28,12.0
119,119,2014,4,29,12.0
120,120,2014,4,30,18.0
121,121,2014,5,1,12.0
122,122,2014,5,2,13.0
123,123,2014,5,3,10.0
124,124,2014,5,4,13.0
125,125,2014,5,5,16.0
126,126,2014,5,6,22.0
127,127,2014,5,7,12.0
128,128,2014,5,8,13.0
129,129,2014,5,9,14.0
130,130,2014,5,10,17.0
131,131,2014,5,11,11.0
132,132,2014,5,12,6.0
133,133,2014,5,13,11.0
134,134,2014,5,14,8.0
135,135,2014,5,15,12.0
136,136,2014,5,16,11.0
137,137,2014,5,17,13.0
138,138,2014,5,18,20.0
139,139,2014,5,19,23.0
140,140,2014,5,20,19.0
141,141,2014,5,21,17.0
142,142,2014,5,22,25.0
143,143,2014,5,23,18.0
144,144,2014,5,24,16.0
145,145,2014,5,25,15.0
146,146,2014,5,26,17.0
147,147,2014,5,27,0.0
148,148,2014,5,28,0.0
149,149,2014,5,29,0.0
150,150,2014,5,30,6.0
151,151,2014,5,31,9.0
152,152,2014,6,1,9.0
153,153,2014,6,2,12.0
154,154,2014,6,3,13.0
155,155,2014,6,4,11.0
156,156,2014,6,5,15.0
157,157,2014,6,6,17.0
158,158,2014,6,7,20.0
159,159,2014,6,8,17.0
160,160,2014,6,9,12.0
161,161,2014,6,10,19.0
162,162,2014,6,11,13.0
163,163,2014,6,12,9.0
164,164,2014,6,13,7.0
165,165,2014,6,14,7.0
166,166,2014,6,15,8.0
167,167,2014,6,16,7.0
168,168,2014,6,17,9.0
169,169,2014,6,18,11.0
170,170,2014,6,19,16.0
171,171,2014,6,20,10.0
172,172,2014,6,21,10.0
173,173,2014,6,22,13.0
174,174,2014,6,23,12.0
175,175,2014,6,24,7.0
176,176,2014,6,25,7.0
177,177,2014,6,26,11.0
178,178,2014,6,27,12.0
179,179,2014,6,28,11.0
180,180,2014,6,29,5.0
181,181,2014,6,30,8.0
182,182,2014,7,1,8.0
183,183,2014,7,2,8.0
184,184,2014,7,3,11.0
185,185,2014,7,4,15.0
186,186,2014,7,5,16.0
187,187,2014,7,6,13.0
188,188,2014,7,7,7.0
189,189,2014,7,8,8.0
190,190,2014,7,9,6.0
191,191,2014,7,10,7.0
192,192,2014,7,11,10.0
193,193,2014,7,12,8.0
194,194,2014,7,13,7.0
195,195,2014,7,14,10.0
196,196,2014,7,15,11.0
197,197,2014,7,16,12.0
198,198,2014,7,17,12.0
199,199,2014,7,18,15.0
200,200,2014,7,19,14.0
201,201,2014,7,20,9.0
202,202,2014,7,21,7.0
203,203,2014,7,22,10.0
204,204,2014,7,23,9.0
205,205,2014,7,24,9.0
206,206,2014,7,25,0.0
207,207,2014,7,26,0.0
208,208,2014,7,27,0.0
209,209,2014,7,28,0.0
210,210,2014,7,29,0.0
211,211,2014,7,30,11.0
212,212,2014,7,31,8.0
213,213,2014,8,1,8.0
214,214,2014,8,2,12.0
215,215,2014,8,3,11.0
216,216,2014,8,4,9.0
217,217,2014,8,5,10.0
218,218,2014,8,6,11.0
219,219,2014,8,7,11.0
220,220,2014,8,8,12.0
221,221,2014,8,9,12.0
222,222,2014,8,10,13.0
223,223,2014,8,11,15.0
224,224,2014,8,12,11.0
225,225,2014,8,13,8.0
226,226,2014,8,14,7.0
227,227,2014,8,15,7.0
228,228,2014,8,16,7.0
229,229,2014,8,17,10.0
230,230,2014,8,18,10.0
231,231,2014,8,19,11.0
232,232,2014,8,20,9.0
233,233,2014,8,21,10.0
234,234,2014,8,22,10.0
235,235,2014,8,23,9.0
236,236,2014,8,24,8.0
237,237,2014,8,25,14.0
238,238,2014,8,26,16.0
239,239,2014,8,27,11.0
240,240,2014,8,28,13.0
241,241,2014,8,29,14.0
242,242,2014,8,30,0.0
243,243,2014,8,31,0.0
244,244,2014,9,1,7.0
245,245,2014,9,2,7.0
246,246,2014,9,3,12.0
247,247,2014,9,4,15.0
248,248,2014,9,5,12.0
249,249,2014,9,6,11.0
250,250,2014,9,7,13.0
251,251,2014,9,8,15.0
252,252,2014,9,9,6.0
253,253,2014,9,10,5.0
254,254,2014,9,11,8.0
255,255,2014,9,12,7.0
256,256,2014,9,13,7.0
257,257,2014,9,14,8.0
258,258,2014,9,15,9.0
259,259,2014,9,16,11.0
260,260,2014,9,17,15.0
261,261,2014,9,18,17.0
262,262,2014,9,19,19.0
263,263,2014,9,20,21.0
264,264,2014,9,21,19.0
265,265,2014,9,22,11.0
266,266,2014,9,23,10.0
267,267,2014,9,24,14.0
268,268,2014,9,25,17.0
269,269,2014,9,26,19.0
270,270,2014,9,27,16.0
271,271,2014,9,28,13.0
272,272,2014,9,29,14.0
273,273,2014,9,30,16.0
274,274,2014,10,1,11.0
275,275,2014,10,2,11.0
276,276,2014,10,3,13.0
277,277,2014,10,4,14.0
278,278,2014,10,5,18.0
279,279,2014,10,6,17.0
280,280,2014,10,7,17.0
281,281,2014,10,8,23.0
282,282,2014,10,9,20.0
283,283,2014,10,10,16.0
284,284,2014,10,11,15.0
285,285,2014,10,12,18.0
286,286,2014,10,13,11.0
287,287,2014,10,14,15.0
288,288,2014,10,15,23.0
289,289,2014,10,16,26.0
290,290,2014,10,17,23.0
291,291,2014,10,18,14.0
292,292,2014,10,19,22.0
293,293,2014,10,20,26.0
294,294,2014,10,21,8.0
295,295,2014,10,22,9.0
296,296,2014,10,23,10.0
297,297,2014,10,24,6.0
298,298,2014,10,25,11.0
299,299,2014,10,26,13.0
300,300,2014,10,27,16.0
301,301,2014,10,28,24.0
302,302,2014,10,29,43.0
303,303,2014,10,30,39.0
304,304,2014,10,31,0.0
305,305,2014,11,1,0.0
306,306,2014,11,2,0.0
307,307,2014,11,3,34.0
308,308,2014,11,4,22.0
309,309,2014,11,5,18.0
310,310,2014,11,6,32.0
311,311,2014,11,7,34.0
312,312,2014,11,8,26.0
313,313,2014,11,9,25.0
314,314,2014,11,10,28.0
315,315,2014,11,11,19.0
316,316,2014,11,12,16.0
317,317,2014,11,13,29.0
318,318,2014,11,14,30.0
319,319,2014,11,15,14.0
320,320,2014,11,16,14.0
321,321,2014,11,17,17.0
322,322,2014,11,18,0.0
323,323,2014,11,19,36.0
324,324,2014,11,20,46.0
325,325,2014,11,21,62.0
326,326,2014,11,22,82.0
327,327,2014,11,23,72.0
328,328,2014,11,24,63.0
329,329,2014,11,25,39.0
330,330,2014,11,26,42.0
331,331,2014,11,27,32.0
332,332,2014,11,28,35.0
333,333,2014,11,29,35.0
334,334,2014,11,30,28.0
335,335,2014,12,1,17.0
336,336,2014,12,2,11.0
337,337,2014,12,3,11.0
338,338,2014,12,4,24.0
339,339,2014,12,5,25.0
340,340,2014,12,6,10.0
341,341,2014,12,7,30.0
342,342,2014,12,8,21.0
343,343,2014,12,9,43.0
344,344,2014,12,10,52.0
345,345,2014,12,11,62.0
346,346,2014,12,12,60.0
347,347,2014,12,13,51.0
348,348,2014,12,14,72.0
349,349,2014,12,15,38.0
350,350,2014,12,16,27.0
351,351,2014,12,17,28.0
352,352,2014,12,18,26.0
353,353,2014,12,19,40.0
354,354,2014,12,20,42.0
355,355,2014,12,21,41.0
356,356,2014,12,22,37.0
357,357,2014,12,23,28.0
358,358,2014,12,24,55.0
359,359,2014,12,25,37.0
360,360,2014,12,26,22.0
361,361,2014,12,27,38.0
362,362,2014,12,28,41.0
363,363,2014,12,29,36.0
364,364,2014,12,30,37.0
0,0,2014,12,31,65.0
1,1,2015,1,1,88.0
2,2,2015,1,2,91.0
3,3,2015,1,3,76.0
4,4,2015,1,4,36.0
5,5,2015,1,5,51.0
6,6,2015,1,6,88.0
7,7,2015,1,7,90.0
8,8,2015,1,8,97.0
9,9,2015,1,9,80.0
10,10,2015,1,10,60.0
11,11,2015,1,11,29.0
12,12,2015,1,12,59.0
13,13,2015,1,13,86.0
14,14,2015,1,14,78.0
15,15,2015,1,15,75.0
16,16,2015,1,16,32.0
17,17,2015,1,17,40.0
18,18,2015,1,18,45.0
19,19,2015,1,19,56.0
20,20,2015,1,20,41.0
21,21,2015,1,21,21.0
22,22,2015,1,22,35.0
23,23,2015,1,23,43.0
24,24,2015,1,24,35.0
25,25,2015,1,25,24.0
26,26,2015,1,26,48.0
27,27,2015,1,27,60.0
28,28,2015,1,28,57.0
29,29,2015,1,29,31.0
30,30,2015,1,30,34.0
31,31,2015,1,31,42.0
32,32,2015,2,1,77.0
33,33,2015,2,2,47.0
34,34,2015,2,3,19.0
35,35,2015,2,4,12.0
36,36,2015,2,5,11.0
37,37,2015,2,6,32.0
38,38,2015,2,7,49.0
39,39,2015,2,8,40.0
40,40,2015,2,9,88.0
41,41,2015,2,10,103.0
42,42,2015,2,11,81.0
43,43,2015,2,12,48.0
44,44,2015,2,13,52.0
45,45,2015,2,14,30.0
46,46,2015,2,15,29.0
47,47,2015,2,16,37.0
48,48,2015,2,17,36.0
49,49,2015,2,18,69.0
50,50,2015,2,19,84.0
51,51,2015,2,20,82.0
52,52,2015,2,21,20.0
53,53,2015,2,22,37.0
54,54,2015,2,23,35.0
55,55,2015,2,24,11.0
56,56,2015,2,25,21.0
57,57,2015,2,26,38.0
58,58,2015,2,27,39.0
59,59,2015,2,28,57.0
60,60,2015,3,1,73.0
61,61,2015,3,2,41.0
62,62,2015,3,3,34.0
63,63,2015,3,4,14.0
64,64,2015,3,5,29.0
65,65,2015,3,6,53.0
66,66,2015,3,7,5.0
67,67,2015,3,8,28.0
68,68,2015,3,9,69.0
69,69,2015,3,10,71.0
70,70,2015,3,11,32.0
71,71,2015,3,12,38.0
72,72,2015,3,13,44.0
73,73,2015,3,14,36.0
74,74,2015,3,15,39.0
75,75,2015,3,16,37.0
76,76,2015,3,17,57.0
77,77,2015,3,18,66.0
78,78,2015,3,19,45.0
79,79,2015,3,20,37.0
80,80,2015,3,21,27.0
81,81,2015,3,22,56.0
82,82,2015,3,23,55.0
83,83,2015,3,24,20.0
84,84,2015,3,25,14.0
85,85,2015,3,26,17.0
86,86,2015,3,27,16.0
87,87,2015,3,28,18.0
88,88,2015,3,29,30.0
89,89,2015,3,30,37.0
90,90,2015,3,31,16.0
91,91,2015,4,1,0.0
92,92,2015,4,2,14.0
93,93,2015,4,3,13.0
94,94,2015,4,4,14.0
95,95,2015,4,5,11.0
96,96,2015,4,6,11.0
97,97,2015,4,7,32.0
98,98,2015,4,8,30.0
99,99,2015,4,9,33.0
100,100,2015,4,10,0.0
101,101,2015,4,11,0.0
102,102,2015,4,12,0.0
103,103,2015,4,13,35.0
104,104,2015,4,14,25.0
105,105,2015,4,15,40.0
106,106,2015,4,16,23.0
107,107,2015,4,17,29.0
108,108,2015,4,18,12.0
109,109,2015,4,19,26.0
110,110,2015,4,20,34.0
111,111,2015,4,21,38.0
112,112,2015,4,22,31.0
113,113,2015,4,23,21.0
114,114,2015,4,24,31.0
115,115,2015,4,25,26.0
116,116,2015,4,26,25.0
117,117,2015,4,27,16.0
118,118,2015,4,28,10.0
119,119,2015,4,29,20.0
120,120,2015,4,30,28.0
121,121,2015,5,1,26.0
122,122,2015,5,2,27.0
123,123,2015,5,3,37.0
124,124,2015,5,4,33.0
125,125,2015,5,5,33.0
126,126,2015,5,6,23.0
127,127,2015,5,7,18.0
128,128,2015,5,8,16.0
129,129,2015,5,9,11.0
130,130,2015,5,10,14.0
131,131,2015,5,11,16.0
132,132,2015,5,12,22.0
133,133,2015,5,13,33.0
134,134,2015,5,14,20.0
135,135,2015,5,15,14.0
136,136,2015,5,16,19.0
137,137,2015,5,17,25.0
138,138,2015,5,18,24.0
139,139,2015,5,19,21.0
140,140,2015,5,20,13.0
141,141,2015,5,21,11.0
142,142,2015,5,22,14.0
143,143,2015,5,23,8.0
144,144,2015,5,24,16.0
145,145,2015,5,25,16.0
146,146,2015,5,26,10.0
147,147,2015,5,27,14.0
148,148,2015,5,28,14.0
149,149,2015,5,29,23.0
150,150,2015,5,30,19.0
151,151,2015,5,31,25.0
152,152,2015,6,1,22.0
153,153,2015,6,2,30.0
154,154,2015,6,3,30.0
155,155,2015,6,4,24.0
156,156,2015,6,5,25.0
157,157,2015,6,6,29.0
158,158,2015,6,7,31.0
159,159,2015,6,8,36.0
160,160,2015,6,9,30.0
161,161,2015,6,10,33.0
162,162,2015,6,11,34.0
163,163,2015,6,12,27.0
164,164,2015,6,13,26.0
165,165,2015,6,14,18.0
166,166,2015,6,15,18.0
167,167,2015,6,16,18.0
168,168,2015,6,17,23.0
169,169,2015,6,18,19.0
170,170,2015,6,19,13.0
171,171,2015,6,20,12.0
172,172,2015,6,21,13.0
173,173,2015,6,22,17.0
174,174,2015,6,23,11.0
175,175,2015,6,24,15.0
176,176,2015,6,25,0.0
177,177,2015,6,26,0.0
178,178,2015,6,27,0.0
179,179,2015,6,28,0.0
180,180,2015,6,29,21.0
181,181,2015,6,30,20.0
182,182,2015,7,1,23.0
183,183,2015,7,2,26.0
184,184,2015,7,3,27.0
185,185,2015,7,4,27.0
186,186,2015,7,5,30.0
187,187,2015,7,6,31.0
188,188,2015,7,7,30.0
189,189,2015,7,8,16.0
190,190,2015,7,9,16.0
191,191,2015,7,10,21.0
192,192,2015,7,11,21.0
193,193,2015,7,12,25.0
194,194,2015,7,13,28.0
195,195,2015,7,14,32.0
196,196,2015,7,15,30.0
197,197,2015,7,16,35.0
198,198,2015,7,17,39.0
199,199,2015,7,18,35.0
200,200,2015,7,19,37.0
201,201,2015,7,20,40.0
202,202,2015,7,21,42.0
203,203,2015,7,22,48.0
204,204,2015,7,23,28.0
205,205,2015,7,24,28.0
206,206,2015,7,25,15.0
207,207,2015,7,26,21.0
208,208,2015,7,27,22.0
209,209,2015,7,28,27.0
210,210,2015,7,29,14.0
211,211,2015,7,30,14.0
212,212,2015,7,31,19.0
213,213,2015,8,1,19.0
214,214,2015,8,2,23.0
215,215,2015,8,3,30.0
216,216,2015,8,4,29.0
217,217,2015,8,5,38.0
218,218,2015,8,6,44.0
219,219,2015,8,7,42.0
220,220,2015,8,8,34.0
221,221,2015,8,9,32.0
222,222,2015,8,10,34.0
223,223,2015,8,11,44.0
224,224,2015,8,12,42.0
225,225,2015,8,13,47.0
226,226,2015,8,14,33.0
227,227,2015,8,15,0.0
228,228,2015,8,16,0.0
229,229,2015,8,17,0.0
230,230,2015,8,18,0.0
231,231,2015,8,19,13.0
232,232,2015,8,20,17.0
233,233,2015,8,21,24.0
234,234,2015,8,22,26.0
235,235,2015,8,23,21.0
236,236,2015,8,24,21.0
237,237,2015,8,25,19.0
238,238,2015,8,26,24.0
239,239,2015,8,27,28.0
240,240,2015,8,28,24.0
241,241,2015,8,29,25.0
242,242,2015,8,30,31.0
243,243,2015,8,31,40.0
244,244,2015,9,1,32.0
245,245,2015,9,2,30.0
246,246,2015,9,3,20.0
247,247,2015,9,4,16.0
248,248,2015,9,5,8.0
249,249,2015,9,6,10.0
250,250,2015,9,7,9.0
251,251,2015,9,8,13.0
252,252,2015,9,9,23.0
253,253,2015,9,10,25.0
254,254,2015,9,11,26.0
255,255,2015,9,12,19.0
256,256,2015,9,13,18.0
257,257,2015,9,14,21.0
258,258,2015,9,15,32.0
259,259,2015,9,16,36.0
260,260,2015,9,17,22.0
261,261,2015,9,18,28.0
262,262,2015,9,19,14.0
263,263,2015,9,20,16.0
264,264,2015,9,21,18.0
265,265,2015,9,22,13.0
266,266,2015,9,23,15.0
267,267,2015,9,24,26.0
268,268,2015,9,25,23.0
269,269,2015,9,26,14.0
270,270,2015,9,27,16.0
271,271,2015,9,28,16.0
272,272,2015,9,29,16.0
273,273,2015,9,30,14.0
274,274,2015,10,1,20.0
275,275,2015,10,2,24.0
276,276,2015,10,3,15.0
277,277,2015,10,4,23.0
278,278,2015,10,5,25.0
279,279,2015,10,6,35.0
280,280,2015,10,7,11.0
281,281,2015,10,8,11.0
282,282,2015,10,9,14.0
283,283,2015,10,10,14.0
284,284,2015,10,11,18.0
285,285,2015,10,12,10.0
286,286,2015,10,13,12.0
287,287,2015,10,14,13.0
288,288,2015,10,15,10.0
289,289,2015,10,16,16.0
290,290,2015,10,17,28.0
291,291,2015,10,18,21.0
292,292,2015,10,19,13.0
293,293,2015,10,20,16.0
294,294,2015,10,21,23.0
295,295,2015,10,22,36.0
296,296,2015,10,23,56.0
297,297,2015,10,24,68.0
298,298,2015,10,25,55.0
299,299,2015,10,26,54.0
300,300,2015,10,27,49.0
301,301,2015,10,28,21.0
302,302,2015,10,29,25.0
303,303,2015,10,30,33.0
304,304,2015,10,31,27.0
305,305,2015,11,1,39.0
306,306,2015,11,2,61.0
307,307,2015,11,3,73.0
308,308,2015,11,4,80.0
309,309,2015,11,5,73.0
310,310,2015,11,6,65.0
311,311,2015,11,7,64.0
312,312,2015,11,8,67.0
313,313,2015,11,9,58.0
314,314,2015,11,10,38.0
315,315,2015,11,11,39.0
316,316,2015,11,12,30.0
317,317,2015,11,13,56.0
318,318,2015,11,14,65.0
319,319,2015,11,15,65.0
320,320,2015,11,16,69.0
321,321,2015,11,17,38.0
322,322,2015,11,18,62.0
323,323,2015,11,19,49.0
324,324,2015,11,20,31.0
325,325,2015,11,21,14.0
326,326,2015,11,22,16.0
327,327,2015,11,23,25.0
328,328,2015,11,24,46.0
329,329,2015,11,25,49.0
330,330,2015,11,26,34.0
331,331,2015,11,27,64.0
332,332,2015,11,28,78.0
333,333,2015,11,29,94.0
334,334,2015,11,30,120.0
335,335,2015,12,1,105.0
336,336,2015,12,2,45.0
337,337,2015,12,3,49.0
338,338,2015,12,4,60.0
339,339,2015,12,5,49.0
340,340,2015,12,6,59.0
341,341,2015,12,7,72.0
342,342,2015,12,8,53.0
343,343,2015,12,9,36.0
344,344,2015,12,10,28.0
345,345,2015,12,11,36.0
346,346,2015,12,12,49.0
347,347,2015,12,13,116.0
348,348,2015,12,14,45.0
349,349,2015,12,15,98.0
350,350,2015,12,16,79.0
351,351,2015,12,17,80.0
352,352,2015,12,18,71.0
353,353,2015,12,19,58.0
354,354,2015,12,20,78.0
355,355,2015,12,21,50.0
356,356,2015,12,22,60.0
357,357,2015,12,23,56.0
358,358,2015,12,24,54.0
359,359,2015,12,25,45.0
360,360,2015,12,26,33.0
361,361,2015,12,27,27.0
362,362,2015,12,28,37.0
363,363,2015,12,29,30.0
364,364,2015,12,30,36.0
0,0,2015,12,31,68.0
1,1,2016,1,1,44.0
2,2,2016,1,2,31.0
3,3,2016,1,3,36.0
4,4,2016,1,4,38.0
5,5,2016,1,5,50.0
6,6,2016,1,6,55.0
7,7,2016,1,7,69.0
8,8,2016,1,8,63.0
9,9,2016,1,9,39.0
10,10,2016,1,10,34.0
11,11,2016,1,11,19.0
12,12,2016,1,12,23.0
13,13,2016,1,13,41.0
14,14,2016,1,14,47.0
15,15,2016,1,15,42.0
16,16,2016,1,16,24.0
17,17,2016,1,17,28.0
18,18,2016,1,18,53.0
19,19,2016,1,19,76.0
20,20,2016,1,20,77.0
21,21,2016,1,21,66.0
22,22,2016,1,22,107.0
23,23,2016,1,23,127.0
24,24,2016,1,24,155.0
25,25,2016,1,25,159.0
26,26,2016,1,26,175.0
27,27,2016,1,27,162.0
28,28,2016,1,28,178.0
29,29,2016,1,29,183.0
30,30,2016,1,30,73.0
31,31,2016,1,31,70.0
32,32,2016,2,1,83.0
33,33,2016,2,2,54.0
34,34,2016,2,3,16.0
35,35,2016,2,4,32.0
36,36,2016,2,5,37.0
37,37,2016,2,6,39.0
38,38,2016,2,7,29.0
39,39,2016,2,8,42.0
40,40,2016,2,9,10.0
41,41,2016,2,10,32.0
42,42,2016,2,11,26.0
43,43,2016,2,12,42.0
44,44,2016,2,13,38.0
45,45,2016,2,14,27.0
46,46,2016,2,15,5.0
47,47,2016,2,16,9.0
48,48,2016,2,17,29.0
49,49,2016,2,18,25.0
50,50,2016,2,19,22.0
51,51,2016,2,20,45.0
52,52,2016,2,21,67.0
53,53,2016,2,22,64.0
54,54,2016,2,23,9.0
55,55,2016,2,24,22.0
56,56,2016,2,25,30.0
57,57,2016,2,26,14.0
58,58,2016,2,27,15.0
59,59,2016,2,28,9.0
60,60,2016,2,29,19.0
61,61,2016,3,1,16.0
62,62,2016,3,2,5.0
63,63,2016,3,3,19.0
64,64,2016,3,4,23.0
65,65,2016,3,5,25.0
66,66,2016,3,6,32.0
67,67,2016,3,7,15.0
68,68,2016,3,8,12.0
69,69,2016,3,9,26.0
70,70,2016,3,10,25.0
71,71,2016,3,11,21.0
72,72,2016,3,12,14.0
73,73,2016,3,13,19.0
74,74,2016,3,14,35.0
75,75,2016,3,15,13.0
76,76,2016,3,16,30.0
77,77,2016,3,17,48.0
78,78,2016,3,18,58.0
79,79,2016,3,19,73.0
80,80,2016,3,20,49.0
81,81,2016,3,21,30.0
82,82,2016,3,22,25.0
83,83,2016,3,23,28.0
84,84,2016,3,24,26.0
85,85,2016,3,25,40.0
86,86,2016,3,26,36.0
87,87,2016,3,27,32.0
88,88,2016,3,28,30.0
89,89,2016,3,29,34.0
90,90,2016,3,30,41.0
91,91,2016,3,31,41.0
92,92,2016,4,1,38.0
93,93,2016,4,2,36.0
94,94,2016,4,3,35.0
95,95,2016,4,4,46.0
96,96,2016,4,5,46.0
97,97,2016,4,6,36.0
98,98,2016,4,7,38.0
99,99,2016,4,8,10.0
100,100,2016,4,9,19.0
101,101,2016,4,10,20.0
102,102,2016,4,11,20.0
103,103,2016,4,12,30.0
104,104,2016,4,13,11.0
105,105,2016,4,14,16.0
106,106,2016,4,15,19.0
107,107,2016,4,16,31.0
108,108,2016,4,17,23.0
109,109,2016,4,18,18.0
110,110,2016,4,19,22.0
111,111,2016,4,20,23.0
112,112,2016,4,21,35.0
113,113,2016,4,22,38.0
114,114,2016,4,23,13.0
115,115,2016,4,24,9.0
116,116,2016,4,25,21.0
117,117,2016,4,26,21.0
118,118,2016,4,27,13.0
119,119,2016,4,28,13.0
120,120,2016,4,29,17.0
121,121,2016,4,30,12.0
122,122,2016,5,1,19.0
123,123,2016,5,2,22.0
124,124,2016,5,3,13.0
125,125,2016,5,4,13.0
126,126,2016,5,5,21.0
127,127,2016,5,6,20.0
128,128,2016,5,7,18.0
129,129,2016,5,8,25.0
130,130,2016,5,9,27.0
131,131,2016,5,10,20.0
132,132,2016,5,11,11.0
133,133,2016,5,12,14.0
134,134,2016,5,13,16.0
135,135,2016,5,14,9.0
136,136,2016,5,15,10.0
137,137,2016,5,16,12.0
138,138,2016,5,17,13.0
139,139,2016,5,18,16.0
140,140,2016,5,19,0.0
141,141,2016,5,20,18.0
142,142,2016,5,21,18.0
143,143,2016,5,22,21.0
144,144,2016,5,23,13.0
145,145,2016,5,24,17.0
146,146,2016,5,25,36.0
147,147,2016,5,26,25.0
148,148,2016,5,27,26.0
149,149,2016,5,28,25.0
150,150,2016,5,29,16.0
151,151,2016,5,30,14.0
152,152,2016,5,31,19.0
153,153,2016,6,1,23.0
154,154,2016,6,2,23.0
155,155,2016,6,3,27.0
156,156,2016,6,4,18.0
157,157,2016,6,5,15.0
158,158,2016,6,6,19.0
159,159,2016,6,7,25.0
160,160,2016,6,8,15.0
161,161,2016,6,9,21.0
162,162,2016,6,10,18.0
163,163,2016,6,11,11.0
164,164,2016,6,12,12.0
165,165,2016,6,13,9.0
166,166,2016,6,14,13.0
167,167,2016,6,15,27.0
168,168,2016,6,16,16.0
169,169,2016,6,17,0.0
170,170,2016,6,18,0.0
171,171,2016,6,19,0.0
172,172,2016,6,20,12.0
173,173,2016,6,21,19.0
174,174,2016,6,22,19.0
175,175,2016,6,23,33.0
176,176,2016,6,24,39.0
177,177,2016,6,25,38.0
178,178,2016,6,26,27.0
179,179,2016,6,27,18.0
180,180,2016,6,28,13.0
181,181,2016,6,29,17.0
182,182,2016,6,30,21.0
183,183,2016,7,1,20.0
184,184,2016,7,2,20.0
185,185,2016,7,3,17.0
186,186,2016,7,4,13.0
187,187,2016,7,5,19.0
188,188,2016,7,6,16.0
189,189,2016,7,7,21.0
190,190,2016,7,8,29.0
191,191,2016,7,9,26.0
192,192,2016,7,10,27.0
193,193,2016,7,11,27.0
194,194,2016,7,12,25.0
195,195,2016,7,13,12.0
196,196,2016,7,14,13.0
197,197,2016,7,15,16.0
198,198,2016,7,16,17.0
199,199,2016,7,17,23.0
200,200,2016,7,18,22.0
201,201,2016,7,19,18.0
202,202,2016,7,20,19.0
203,203,2016,7,21,23.0
204,204,2016,7,22,25.0
205,205,2016,7,23,29.0
206,206,2016,7,24,29.0
207,207,2016,7,25,27.0
208,208,2016,7,26,22.0
209,209,2016,7,27,15.0
210,210,2016,7,28,17.0
211,211,2016,7,29,18.0
212,212,2016,7,30,14.0
213,213,2016,7,31,12.0
214,214,2016,8,1,12.0
215,215,2016,8,2,17.0
216,216,2016,8,3,20.0
217,217,2016,8,4,16.0
218,218,2016,8,5,8.0
219,219,2016,8,6,12.0
220,220,2016,8,7,18.0
221,221,2016,8,8,22.0
222,222,2016,8,9,10.0
223,223,2016,8,10,0.0
224,224,2016,8,11,13.0
225,225,2016,8,12,15.0
226,226,2016,8,13,15.0
227,227,2016,8,14,14.0
228,228,2016,8,15,18.0
229,229,2016,8,16,19.0
230,230,2016,8,17,14.0
231,231,2016,8,18,16.0
232,232,2016,8,19,20.0
233,233,2016,8,20,19.0
234,234,2016,8,21,10.0
235,235,2016,8,22,14.0
236,236,2016,8,23,17.0
237,237,2016,8,24,19.0
238,238,2016,8,25,22.0
239,239,2016,8,26,27.0
240,240,2016,8,27,27.0
241,241,2016,8,28,33.0
242,242,2016,8,29,21.0
243,243,2016,8,30,22.0
244,244,2016,8,31,24.0
245,245,2016,9,1,23.0
246,246,2016,9,2,26.0
247,247,2016,9,3,21.0
248,248,2016,9,4,17.0
249,249,2016,9,5,16.0
250,250,2016,9,6,21.0
251,251,2016,9,7,29.0
252,252,2016,9,8,33.0
253,253,2016,9,9,32.0
254,254,2016,9,10,30.0
255,255,2016,9,11,44.0
256,256,2016,9,12,49.0
257,257,2016,9,13,41.0
258,258,2016,9,14,37.0
259,259,2016,9,15,24.0
260,260,2016,9,16,13.0
261,261,2016,9,17,9.0
262,262,2016,9,18,17.0
263,263,2016,9,19,19.0
264,264,2016,9,20,18.0
265,265,2016,9,21,15.0
266,266,2016,9,22,14.0
267,267,2016,9,23,21.0
268,268,2016,9,24,27.0
269,269,2016,9,25,26.0
270,270,2016,9,26,21.0
271,271,2016,9,27,26.0
272,272,2016,9,28,27.0
273,273,2016,9,29,27.0
274,274,2016,9,30,19.0
275,275,2016,10,1,21.0
276,276,2016,10,2,12.0
277,277,2016,10,3,14.0
278,278,2016,10,4,16.0
279,279,2016,10,5,10.0
280,280,2016,10,6,18.0
281,281,2016,10,7,16.0
282,282,2016,10,8,12.0
283,283,2016,10,9,12.0
284,284,2016,10,10,16.0
285,285,2016,10,11,26.0
286,286,2016,10,12,32.0
287,287,2016,10,13,11.0
288,288,2016,10,14,24.0
289,289,2016,10,15,30.0
290,290,2016,10,16,32.0
291,291,2016,10,17,42.0
292,292,2016,10,18,26.0
293,293,2016,10,19,10.0
294,294,2016,10,20,19.0
295,295,2016,10,21,21.0
296,296,2016,10,22,28.0
297,297,2016,10,23,29.0
298,298,2016,10,24,42.0
299,299,2016,10,25,27.0
300,300,2016,10,26,16.0
301,301,2016,10,27,30.0
302,302,2016,10,28,47.0
303,303,2016,10,29,55.0
304,304,2016,10,30,39.0
305,305,2016,10,31,48.0
306,306,2016,11,1,75.0
307,307,2016,11,2,46.0
308,308,2016,11,3,21.0
309,309,2016,11,4,23.0
310,310,2016,11,5,19.0
311,311,2016,11,6,25.0
312,312,2016,11,7,20.0
313,313,2016,11,8,26.0
314,314,2016,11,9,44.0
315,315,2016,11,10,45.0
316,316,2016,11,11,38.0
317,317,2016,11,12,36.0
318,318,2016,11,13,20.0
319,319,2016,11,14,34.0
320,320,2016,11,15,69.0
321,321,2016,11,16,88.0
322,322,2016,11,17,93.0
323,323,2016,11,18,43.0
324,324,2016,11,19,32.0
325,325,2016,11,20,36.0
326,326,2016,11,21,33.0
327,327,2016,11,22,33.0
328,328,2016,11,23,39.0
329,329,2016,11,24,28.0
330,330,2016,11,25,23.0
331,331,2016,11,26,24.0
332,332,2016,11,27,19.0
333,333,2016,11,28,17.0
334,334,2016,11,29,38.0
335,335,2016,11,30,60.0
336,336,2016,12,1,79.0
337,337,2016,12,2,28.0
338,338,2016,12,3,37.0
339,339,2016,12,4,59.0
340,340,2016,12,5,63.0
341,341,2016,12,6,23.0
342,342,2016,12,7,39.0
343,343,2016,12,8,46.0
344,344,2016,12,9,42.0
345,345,2016,12,10,48.0
346,346,2016,12,11,45.0
347,347,2016,12,12,37.0
348,348,2016,12,13,49.0
349,349,2016,12,14,49.0
350,350,2016,12,15,52.0
351,351,2016,12,16,42.0
352,352,2016,12,17,38.0
353,353,2016,12,18,42.0
354,354,2016,12,19,27.0
355,355,2016,12,20,44.0
356,356,2016,12,21,38.0
357,357,2016,12,22,45.0
358,358,2016,12,23,56.0
359,359,2016,12,24,66.0
360,360,2016,12,25,87.0
361,361,2016,12,26,81.0
362,362,2016,12,27,59.0
363,363,2016,12,28,34.0
364,364,2016,12,29,62.0
365,365,2016,12,30,59.0
0,0,2016,12,31,76.0
1,1,2017,1,1,96.0
2,2,2017,1,2,59.0
3,3,2017,1,3,74.0
4,4,2017,1,4,29.0
5,5,2017,1,5,31.0
6,6,2017,1,6,55.0
7,7,2017,1,7,55.0
8,8,2017,1,8,83.0
9,9,2017,1,9,45.0
10,10,2017,1,10,44.0
11,11,2017,1,11,71.0
12,12,2017,1,12,42.0
13,13,2017,1,13,38.0
14,14,2017,1,14,33.0
15,15,2017,1,15,14.0
16,16,2017,1,16,13.0
17,17,2017,1,17,17.0
18,18,2017,1,18,24.0
19,19,2017,1,19,35.0
20,20,2017,1,20,56.0
21,21,2017,1,21,66.0
22,22,2017,1,22,47.0
23,23,2017,1,23,61.0
24,24,2017,1,24,43.0
25,25,2017,1,25,46.0
26,26,2017,1,26,57.0
27,27,2017,1,27,84.0
28,28,2017,1,28,121.0
29,29,2017,1,29,176.0
30,30,2017,1,30,177.0
31,31,2017,1,31,126.0
32,32,2017,2,1,88.0
33,33,2017,2,2,53.0
34,34,2017,2,3,32.0
35,35,2017,2,4,27.0
36,36,2017,2,5,8.0
37,37,2017,2,6,26.0
38,38,2017,2,7,25.0
39,39,2017,2,8,26.0
40,40,2017,2,9,25.0
41,41,2017,2,10,41.0
42,42,2017,2,11,65.0
43,43,2017,2,12,54.0
44,44,2017,2,13,51.0
45,45,2017,2,14,66.0
46,46,2017,2,15,65.0
47,47,2017,2,16,80.0
48,48,2017,2,17,48.0
49,49,2017,2,18,52.0
50,50,2017,2,19,58.0
51,51,2017,2,20,69.0
52,52,2017,2,21,92.0
53,53,2017,2,22,52.0
54,54,2017,2,23,55.0
55,55,2017,2,24,17.0
56,56,2017,2,25,37.0
57,57,2017,2,26,41.0
58,58,2017,2,27,30.0
59,59,2017,2,28,25.0
60,60,2017,3,1,31.0
61,61,2017,3,2,48.0
62,62,2017,3,3,29.0
63,63,2017,3,4,10.0
64,64,2017,3,5,27.0
65,65,2017,3,6,24.0
66,66,2017,3,7,20.0
67,67,2017,3,8,43.0
68,68,2017,3,9,30.0
69,69,2017,3,10,24.0
70,70,2017,3,11,31.0
71,71,2017,3,12,35.0
72,72,2017,3,13,60.0
73,73,2017,3,14,61.0
74,74,2017,3,15,50.0
75,75,2017,3,16,72.0
76,76,2017,3,17,74.0
77,77,2017,3,18,83.0
78,78,2017,3,19,50.0
79,79,2017,3,20,44.0
80,80,2017,3,21,39.0
81,81,2017,3,22,38.0
82,82,2017,3,23,38.0
83,83,2017,3,24,44.0
84,84,2017,3,25,20.0
85,85,2017,3,26,18.0
86,86,2017,3,27,36.0
87,87,2017,3,28,41.0
88,88,2017,3,29,43.0
89,89,2017,3,30,37.0
90,90,2017,3,31,37.0
91,91,2017,4,1,31.0
92,92,2017,4,2,29.0
93,93,2017,4,3,26.0
94,94,2017,4,4,16.0
95,95,2017,4,5,28.0
96,96,2017,4,6,17.0
97,97,2017,4,7,20.0
98,98,2017,4,8,21.0
99,99,2017,4,9,17.0
100,100,2017,4,10,23.0
101,101,2017,4,11,14.0
102,102,2017,4,12,30.0
103,103,2017,4,13,27.0
104,104,2017,4,14,27.0
105,105,2017,4,15,20.0
106,106,2017,4,16,6.0
107,107,2017,4,17,10.0
108,108,2017,4,18,8.0
109,109,2017,4,19,12.0
110,110,2017,4,20,17.0
111,111,2017,4,21,22.0
112,112,2017,4,22,26.0
113,113,2017,4,23,23.0
114,114,2017,4,24,26.0
115,115,2017,4,25,22.0
116,116,2017,4,26,29.0
117,117,2017,4,27,12.0
118,118,2017,4,28,10.0
119,119,2017,4,29,16.0
120,120,2017,4,30,21.0
121,121,2017,5,1,12.0
122,122,2017,5,2,12.0
123,123,2017,5,3,18.0
124,124,2017,5,4,22.0
125,125,2017,5,5,23.0
126,126,2017,5,6,12.0
127,127,2017,5,7,21.0
128,128,2017,5,8,12.0
129,129,2017,5,9,9.0
130,130,2017,5,10,17.0
131,131,2017,5,11,20.0
132,132,2017,5,12,16.0
133,133,2017,5,13,18.0
134,134,2017,5,14,8.0
135,135,2017,5,15,11.0
136,136,2017,5,16,19.0
137,137,2017,5,17,19.0
138,138,2017,5,18,15.0
139,139,2017,5,19,18.0
140,140,2017,5,20,14.0
141,141,2017,5,21,17.0
142,142,2017,5,22,26.0
143,143,2017,5,23,39.0
144,144,2017,5,24,12.0
145,145,2017,5,25,13.0
146,146,2017,5,26,16.0
147,147,2017,5,27,16.0
148,148,2017,5,28,20.0
149,149,2017,5,29,23.0
150,150,2017,5,30,27.0
151,151,2017,5,31,30.0
152,152,2017,6,1,28.0
153,153,2017,6,2,32.0
154,154,2017,6,3,21.0
155,155,2017,6,4,16.0
156,156,2017,6,5,18.0
157,157,2017,6,6,16.0
158,158,2017,6,7,12.0
159,159,2017,6,8,19.0
160,160,2017,6,9,30.0
161,161,2017,6,10,18.0
162,162,2017,6,11,18.0
163,163,2017,6,12,21.0
164,164,2017,6,13,22.0
165,165,2017,6,14,26.0
166,166,2017,6,15,40.0
167,167,2017,6,16,18.0
168,168,2017,6,17,15.0
169,169,2017,6,18,19.0
170,170,2017,6,19,25.0
171,171,2017,6,20,28.0
172,172,2017,6,21,34.0
173,173,2017,6,22,40.0
174,174,2017,6,23,35.0
175,175,2017,6,24,21.0
176,176,2017,6,25,19.0
177,177,2017,6,26,25.0
178,178,2017,6,27,20.0
179,179,2017,6,28,15.0
180,180,2017,6,29,16.0
181,181,2017,6,30,18.0
182,182,2017,7,1,15.0
183,183,2017,7,2,15.0
184,184,2017,7,3,14.0
185,185,2017,7,4,17.0
186,186,2017,7,5,21.0
187,187,2017,7,6,25.0
188,188,2017,7,7,27.0
189,189,2017,7,8,14.0
190,190,2017,7,9,24.0
191,191,2017,7,10,22.0
192,192,2017,7,11,23.0
193,193,2017,7,12,24.0
194,194,2017,7,13,14.0
195,195,2017,7,14,12.0
196,196,2017,7,15,12.0
197,197,2017,7,16,17.0
198,198,2017,7,17,22.0
199,199,2017,7,18,23.0
200,200,2017,7,19,29.0
201,201,2017,7,20,28.0
202,202,2017,7,21,30.0
203,203,2017,7,22,29.0
204,204,2017,7,23,21.0
205,205,2017,7,24,13.0
206,206,2017,7,25,17.0
207,207,2017,7,26,14.0
208,208,2017,7,27,18.0
209,209,2017,7,28,20.0
210,210,2017,7,29,13.0
211,211,2017,7,30,20.0
212,212,2017,7,31,25.0
213,213,2017,8,1,30.0
214,214,2017,8,2,30.0
215,215,2017,8,3,37.0
216,216,2017,8,4,39.0
217,217,2017,8,5,28.0
218,218,2017,8,6,15.0
219,219,2017,8,7,18.0
220,220,2017,8,8,24.0
221,221,2017,8,9,30.0
222,222,2017,8,10,20.0
223,223,2017,8,11,17.0
224,224,2017,8,12,14.0
225,225,2017,8,13,13.0
226,226,2017,8,14,13.0
227,227,2017,8,15,25.0
228,228,2017,8,16,24.0
229,229,2017,8,17,27.0
230,230,2017,8,18,24.0
231,231,2017,8,19,8.0
232,232,2017,8,20,12.0
233,233,2017,8,21,15.0
234,234,2017,8,22,17.0
235,235,2017,8,23,20.0
236,236,2017,8,24,20.0
237,237,2017,8,25,28.0
238,238,2017,8,26,34.0
239,239,2017,8,27,26.0
240,240,2017,8,28,18.0
241,241,2017,8,29,19.0
242,242,2017,8,30,24.0
243,243,2017,8,31,15.0
244,244,2017,9,1,12.0
245,245,2017,9,2,4.0
246,246,2017,9,3,15.0
247,247,2017,9,4,14.0
248,248,2017,9,5,18.0
249,249,2017,9,6,16.0
250,250,2017,9,7,11.0
251,251,2017,9,8,17.0
252,252,2017,9,9,9.0
253,253,2017,9,10,12.0
254,254,2017,9,11,9.0
255,255,2017,9,12,15.0
256,256,2017,9,13,23.0
257,257,2017,9,14,16.0
258,258,2017,9,15,10.0
259,259,2017,9,16,11.0
260,260,2017,9,17,11.0
261,261,2017,9,18,5.0
262,262,2017,9,19,8.0
263,263,2017,9,20,15.0
264,264,2017,9,21,30.0
265,265,2017,9,22,42.0
266,266,2017,9,23,19.0
267,267,2017,9,24,13.0
268,268,2017,9,25,18.0
269,269,2017,9,26,24.0
270,270,2017,9,27,26.0
271,271,2017,9,28,26.0
272,272,2017,9,29,25.0
273,273,2017,9,30,28.0
274,274,2017,10,1,34.0
275,275,2017,10,2,53.0
276,276,2017,10,3,54.0
277,277,2017,10,4,75.0
278,278,2017,10,5,42.0
279,279,2017,10,6,17.0
280,280,2017,10,7,29.0
281,281,2017,10,8,38.0
282,282,2017,10,9,42.0
283,283,2017,10,10,37.0
284,284,2017,10,11,61.0
285,285,2017,10,12,60.0
286,286,2017,10,13,67.0
287,287,2017,10,14,72.0
288,288,2017,10,15,67.0
289,289,2017,10,16,72.0
290,290,2017,10,17,51.0
291,291,2017,10,18,71.0
292,292,2017,10,19,88.0
293,293,2017,10,20,109.0
294,294,2017,10,21,64.0
295,295,2017,10,22,14.0
296,296,2017,10,23,23.0
297,297,2017,10,24,28.0
298,298,2017,10,25,48.0
299,299,2017,10,26,77.0
300,300,2017,10,27,84.0
301,301,2017,10,28,62.0
302,302,2017,10,29,30.0
303,303,2017,10,30,25.0
304,304,2017,10,31,33.0
305,305,2017,11,1,58.0
306,306,2017,11,2,84.0
307,307,2017,11,3,91.0
308,308,2017,11,4,39.0
309,309,2017,11,5,8.0
310,310,2017,11,6,9.0
311,311,2017,11,7,22.0
312,312,2017,11,8,30.0
313,313,2017,11,9,39.0
314,314,2017,11,10,31.0
315,315,2017,11,11,46.0
316,316,2017,11,12,7.0
317,317,2017,11,13,15.0
318,318,2017,11,14,55.0
319,319,2017,11,15,17.0
320,320,2017,11,16,40.0
321,321,2017,11,17,21.0
322,322,2017,11,18,9.0
323,323,2017,11,19,70.0
324,324,2017,11,20,60.0
325,325,2017,11,21,94.0
326,326,2017,11,22,103.0
327,327,2017,11,23,120.0
328,328,2017,11,24,97.0
329,329,2017,11,25,25.0
330,330,2017,11,26,30.0
331,331,2017,11,27,49.0
332,332,2017,11,28,39.0
333,333,2017,11,29,47.0
334,334,2017,11,30,24.0
335,335,2017,12,1,17.0
336,336,2017,12,2,35.0
337,337,2017,12,3,61.0
338,338,2017,12,4,79.0
339,339,2017,12,5,107.0
340,340,2017,12,6,119.0
341,341,2017,12,7,83.0
342,342,2017,12,8,39.0
343,343,2017,12,9,28.0
344,344,2017,12,10,24.0
345,345,2017,12,11,40.0
346,346,2017,12,12,48.0
347,347,2017,12,13,51.0
348,348,2017,12,14,50.0
349,349,2017,12,15,23.0
350,350,2017,12,16,39.0
351,351,2017,12,17,121.0
352,352,2017,12,18,51.0
353,353,2017,12,19,65.0
354,354,2017,12,20,103.0
355,355,2017,12,21,105.0
356,356,2017,12,22,103.0
357,357,2017,12,23,113.0
358,358,2017,12,24,110.0
359,359,2017,12,25,83.0
360,360,2017,12,26,33.0
361,361,2017,12,27,15.0
362,362,2017,12,28,24.0
363,363,2017,12,29,45.0
364,364,2017,12,30,78.0
0,0,2017,12,31,49.0
1,1,2018,1,1,46.0
2,2,2018,1,2,48.0
3,3,2018,1,3,48.0
4,4,2018,1,4,58.0
5,5,2018,1,5,115.0
6,6,2018,1,6,60.0
7,7,2018,1,7,25.0
8,8,2018,1,8,30.0
9,9,2018,1,9,23.0
10,10,2018,1,10,35.0
11,11,2018,1,11,27.0
12,12,2018,1,12,42.0
13,13,2018,1,13,34.0
14,14,2018,1,14,41.0
15,15,2018,1,15,51.0
16,16,2018,1,16,33.0
17,17,2018,1,17,26.0
18,18,2018,1,18,58.0
19,19,2018,1,19,64.0
20,20,2018,1,20,48.0
21,21,2018,1,21,31.0
22,22,2018,1,22,45.0
23,23,2018,1,23,69.0
24,24,2018,1,24,91.0
25,25,2018,1,25,108.0
26,26,2018,1,26,83.0
27,27,2018,1,27,57.0
28,28,2018,1,28,48.0
29,29,2018,1,29,49.0
30,30,2018,1,30,55.0
31,31,2018,1,31,49.0
32,32,2018,2,1,19.0
33,33,2018,2,2,8.0
34,34,2018,2,3,29.0
35,35,2018,2,4,26.0
36,36,2018,2,5,23.0
37,37,2018,2,6,25.0
38,38,2018,2,7,49.0
39,39,2018,2,8,57.0
40,40,2018,2,9,39.0
41,41,2018,2,10,34.0
42,42,2018,2,11,28.0
43,43,2018,2,12,22.0
44,44,2018,2,13,39.0
45,45,2018,2,14,56.0
46,46,2018,2,15,76.0
47,47,2018,2,16,72.0
48,48,2018,2,17,42.0
49,49,2018,2,18,20.0
50,50,2018,2,19,24.0
51,51,2018,2,20,28.0
52,52,2018,2,21,11.0
53,53,2018,2,22,12.0
54,54,2018,2,23,18.0
55,55,2018,2,24,20.0
56,56,2018,2,25,17.0
57,57,2018,2,26,28.0
58,58,2018,2,27,42.0
59,59,2018,2,28,59.0
60,60,2018,3,1,92.0
61,61,2018,3,2,64.0
62,62,2018,3,3,42.0
63,63,2018,3,4,60.0
64,64,2018,3,5,40.0
65,65,2018,3,6,40.0
66,66,2018,3,7,40.0
67,67,2018,3,8,39.0
68,68,2018,3,9,55.0
69,69,2018,3,10,35.0
70,70,2018,3,11,24.0
71,71,2018,3,12,44.0
72,72,2018,3,13,62.0
73,73,2018,3,14,33.0
74,74,2018,3,15,17.0
75,75,2018,3,16,20.0
76,76,2018,3,17,8.0
77,77,2018,3,18,11.0
78,78,2018,3,19,21.0
79,79,2018,3,20,25.0
80,80,2018,3,21,27.0
81,81,2018,3,22,36.0
82,82,2018,3,23,29.0
83,83,2018,3,24,38.0
84,84,2018,3,25,55.0
85,85,2018,3,26,35.0
86,86,2018,3,27,40.0
87,87,2018,3,28,47.0
88,88,2018,3,29,35.0
89,89,2018,3,30,10.0
90,90,2018,3,31,14.0
91,91,2018,4,1,18.0
92,92,2018,4,2,31.0
93,93,2018,4,3,24.0
94,94,2018,4,4,28.0
95,95,2018,4,5,30.0
96,96,2018,4,6,23.0
97,97,2018,4,7,20.0
98,98,2018,4,8,30.0
99,99,2018,4,9,25.0
100,100,2018,4,10,19.0
101,101,2018,4,11,29.0
102,102,2018,4,12,12.0
103,103,2018,4,13,30.0
104,104,2018,4,14,35.0
105,105,2018,4,15,40.0
106,106,2018,4,16,32.0
107,107,2018,4,17,24.0
108,108,2018,4,18,26.0
109,109,2018,4,19,28.0
110,110,2018,4,20,27.0
111,111,2018,4,21,25.0
112,112,2018,4,22,38.0
113,113,2018,4,23,42.0
114,114,2018,4,24,34.0
115,115,2018,4,25,35.0
116,116,2018,4,26,24.0
117,117,2018,4,27,33.0
118,118,2018,4,28,39.0
119,119,2018,4,29,16.0
120,120,2018,4,30,17.0
121,121,2018,5,1,17.0
122,122,2018,5,2,32.0
123,123,2018,5,3,33.0
124,124,2018,5,4,29.0
125,125,2018,5,5,29.0
126,126,2018,5,6,27.0
127,127,2018,5,7,26.0
128,128,2018,5,8,21.0
129,129,2018,5,9,27.0
130,130,2018,5,10,31.0
131,131,2018,5,11,30.0
132,132,2018,5,12,29.0
133,133,2018,5,13,14.0
134,134,2018,5,14,15.0
135,135,2018,5,15,27.0
136,136,2018,5,16,29.0
137,137,2018,5,17,30.0
138,138,2018,5,18,21.0
139,139,2018,5,19,21.0
140,140,2018,5,20,24.0
141,141,2018,5,21,26.0
142,142,2018,5,22,32.0
143,143,2018,5,23,33.0
144,144,2018,5,24,39.0
145,145,2018,5,25,26.0
146,146,2018,5,26,30.0
147,147,2018,5,27,29.0
148,148,2018,5,28,35.0
149,149,2018,5,29,34.0
150,150,2018,5,30,39.0
151,151,2018,5,31,28.0
152,152,2018,6,1,32.0
153,153,2018,6,2,24.0
154,154,2018,6,3,28.0
155,155,2018,6,4,34.0
156,156,2018,6,5,34.0
157,157,2018,6,6,33.0
158,158,2018,6,7,17.0
159,159,2018,6,8,25.0
160,160,2018,6,9,21.0
161,161,2018,6,10,31.0
162,162,2018,6,11,34.0
163,163,2018,6,12,20.0
164,164,2018,6,13,17.0
165,165,2018,6,14,17.0
166,166,2018,6,15,22.0
167,167,2018,6,16,21.0
168,168,2018,6,17,25.0
169,169,2018,6,18,22.0
170,170,2018,6,19,24.0
171,171,2018,6,20,29.0
172,172,2018,6,21,13.0
173,173,2018,6,22,13.0
174,174,2018,6,23,14.0
175,175,2018,6,24,10.0
176,176,2018,6,25,13.0
177,177,2018,6,26,19.0
178,178,2018,6,27,18.0
179,179,2018,6,28,23.0
180,180,2018,6,29,27.0
181,181,2018,6,30,19.0
182,182,2018,7,1,22.0
183,183,2018,7,2,20.0
184,184,2018,7,3,15.0
185,185,2018,7,4,25.0
186,186,2018,7,5,19.0
187,187,2018,7,6,20.0
188,188,2018,7,7,14.0
189,189,2018,7,8,20.0
190,190,2018,7,9,22.0
191,191,2018,7,10,18.0
192,192,2018,7,11,22.0
193,193,2018,7,12,23.0
194,194,2018,7,13,21.0
195,195,2018,7,14,22.0
196,196,2018,7,15,18.0
197,197,2018,7,16,25.0
198,198,2018,7,17,27.0
199,199,2018,7,18,33.0
200,200,2018,7,19,29.0
201,201,2018,7,20,21.0
202,202,2018,7,21,21.0
203,203,2018,7,22,16.0
204,204,2018,7,23,27.0
205,205,2018,7,24,31.0
206,206,2018,7,25,22.0
207,207,2018,7,26,17.0
208,208,2018,7,27,26.0
209,209,2018,7,28,25.0
210,210,2018,7,29,27.0
211,211,2018,7,30,33.0
212,212,2018,7,31,34.0
213,213,2018,8,1,25.0
214,214,2018,8,2,22.0
215,215,2018,8,3,26.0
216,216,2018,8,4,27.0
217,217,2018,8,5,26.0
218,218,2018,8,6,33.0
219,219,2018,8,7,30.0
220,220,2018,8,8,25.0
221,221,2018,8,9,23.0
222,222,2018,8,10,24.0
223,223,2018,8,11,19.0
224,224,2018,8,12,20.0
225,225,2018,8,13,19.0
226,226,2018,8,14,10.0
227,227,2018,8,15,17.0
228,228,2018,8,16,19.0
229,229,2018,8,17,23.0
230,230,2018,8,18,28.0
231,231,2018,8,19,28.0
232,232,2018,8,20,23.0
233,233,2018,8,21,29.0
234,234,2018,8,22,34.0
235,235,2018,8,23,30.0
236,236,2018,8,24,13.0
237,237,2018,8,25,7.0
238,238,2018,8,26,11.0
239,239,2018,8,27,16.0
240,240,2018,8,28,19.0
241,241,2018,8,29,24.0
242,242,2018,8,30,19.0
243,243,2018,8,31,11.0
244,244,2018,9,1,9.0
245,245,2018,9,2,15.0
246,246,2018,9,3,18.0
247,247,2018,9,4,29.0
248,248,2018,9,5,25.0
249,249,2018,9,6,0.0
250,250,2018,9,7,20.0
251,251,2018,9,8,23.0
252,252,2018,9,9,24.0
253,253,2018,9,10,30.0
254,254,2018,9,11,41.0
255,255,2018,9,12,54.0
256,256,2018,9,13,61.0
257,257,2018,9,14,30.0
258,258,2018,9,15,34.0
259,259,2018,9,16,29.0
260,260,2018,9,17,29.0
261,261,2018,9,18,30.0
262,262,2018,9,19,32.0
263,263,2018,9,20,37.0
264,264,2018,9,21,40.0
265,265,2018,9,22,30.0
266,266,2018,9,23,26.0
267,267,2018,9,24,17.0
268,268,2018,9,25,20.0
269,269,2018,9,26,44.0
270,270,2018,9,27,57.0
271,271,2018,9,28,31.0
272,272,2018,9,29,21.0
273,273,2018,9,30,22.0
274,274,2018,10,1,15.0
275,275,2018,10,2,38.0
276,276,2018,10,3,26.0
277,277,2018,10,4,26.0
278,278,2018,10,5,30.0
279,279,2018,10,6,58.0
280,280,2018,10,7,31.0
281,281,2018,10,8,38.0
282,282,2018,10,9,51.0
283,283,2018,10,10,48.0
284,284,2018,10,11,63.0
285,285,2018,10,12,56.0
286,286,2018,10,13,55.0
287,287,2018,10,14,52.0
288,288,2018,10,15,48.0
289,289,2018,10,16,51.0
290,290,2018,10,17,53.0
291,291,2018,10,18,52.0
292,292,2018,10,19,54.0
293,293,2018,10,20,42.0
294,294,2018,10,21,20.0
295,295,2018,10,22,34.0
296,296,2018,10,23,60.0
297,297,2018,10,24,49.0
298,298,2018,10,25,37.0
299,299,2018,10,26,35.0
300,300,2018,10,27,21.0
301,301,2018,10,28,36.0
302,302,2018,10,29,16.0
303,303,2018,10,30,23.0
304,304,2018,10,31,26.0
305,305,2018,11,1,25.0
306,306,2018,11,2,29.0
307,307,2018,11,3,31.0
308,308,2018,11,4,32.0
309,309,2018,11,5,34.0
310,310,2018,11,6,32.0
311,311,2018,11,7,43.0
312,312,2018,11,8,29.0
313,313,2018,11,9,30.0
314,314,2018,11,10,41.0
315,315,2018,11,11,50.0
316,316,2018,11,12,52.0
317,317,2018,11,13,45.0
318,318,2018,11,14,31.0
319,319,2018,11,15,26.0
320,320,2018,11,16,21.0
321,321,2018,11,17,25.0
322,322,2018,11,18,24.0
323,323,2018,11,19,17.0
324,324,2018,11,20,41.0
325,325,2018,11,21,41.0
326,326,2018,11,22,39.0
327,327,2018,11,23,12.0
328,328,2018,11,24,34.0
329,329,2018,11,25,44.0
330,330,2018,11,26,27.0
331,331,2018,11,27,35.0
332,332,2018,11,28,40.0
333,333,2018,11,29,46.0
334,334,2018,11,30,75.0
335,335,2018,12,1,86.0
336,336,2018,12,2,85.0
337,337,2018,12,3,90.0
338,338,2018,12,4,51.0
339,339,2018,12,5,34.0
340,340,2018,12,6,50.0
341,341,2018,12,7,59.0
342,342,2018,12,8,38.0
343,343,2018,12,9,28.0
344,344,2018,12,10,39.0
345,345,2018,12,11,46.0
346,346,2018,12,12,25.0
347,347,2018,12,13,26.0
348,348,2018,12,14,58.0
349,349,2018,12,15,72.0
350,350,2018,12,16,72.0
351,351,2018,12,17,59.0
352,352,2018,12,18,52.0
353,353,2018,12,19,0.0
354,354,2018,12,20,0.0
355,355,2018,12,21,62.0
356,356,2018,12,22,51.0
357,357,2018,12,23,45.0
358,358,2018,12,24,23.0
359,359,2018,12,25,33.0
360,360,2018,12,26,29.0
361,361,2018,12,27,53.0
362,362,2018,12,28,55.0
363,363,2018,12,29,68.0
364,364,2018,12,30,64.0
0,0,2018,12,31,67.0
1,1,2019,1,1,51.0
2,2,2019,1,2,29.0
3,3,2019,1,3,49.0
4,4,2019,1,4,83.0
5,5,2019,1,5,98.0
6,6,2019,1,6,81.0
7,7,2019,1,7,67.0
8,8,2019,1,8,50.0
9,9,2019,1,9,43.0
10,10,2019,1,10,56.0
11,11,2019,1,11,68.0
12,12,2019,1,12,88.0
13,13,2019,1,13,70.0
14,14,2019,1,14,32.0
15,15,2019,1,15,71.0
16,16,2019,1,16,73.0
17,17,2019,1,17,45.0
18,18,2019,1,18,25.0
19,19,2019,1,19,51.0
20,20,2019,1,20,57.0
21,21,2019,1,21,39.0
22,22,2019,1,22,24.0
23,23,2019,1,23,32.0
24,24,2019,1,24,47.0
25,25,2019,1,25,86.0
26,26,2019,1,26,71.0
27,27,2019,1,27,63.0
28,28,2019,1,28,40.0
29,29,2019,1,29,26.0
30,30,2019,1,30,39.0
31,31,2019,1,31,26.0
32,32,2019,2,1,32.0
33,33,2019,2,2,37.0
34,34,2019,2,3,29.0
35,35,2019,2,4,38.0
36,36,2019,2,5,53.0
37,37,2019,2,6,73.0
38,38,2019,2,7,83.0
39,39,2019,2,8,90.0
40,40,2019,2,9,106.0
41,41,2019,2,10,44.0
42,42,2019,2,11,18.0
43,43,2019,2,12,31.0
44,44,2019,2,13,65.0
45,45,2019,2,14,84.0
46,46,2019,2,15,91.0
47,47,2019,2,16,107.0
48,48,2019,2,17,112.0
49,49,2019,2,18,100.0
50,50,2019,2,19,114.0
51,51,2019,2,20,96.0
52,52,2019,2,21,112.0
53,53,2019,2,22,32.0
54,54,2019,2,23,33.0
55,55,2019,2,24,64.0
56,56,2019,2,25,74.0
57,57,2019,2,26,72.0
58,58,2019,2,27,73.0
59,59,2019,2,28,63.0
60,60,2019,3,1,79.0
61,61,2019,3,2,73.0
62,62,2019,3,3,70.0
63,63,2019,3,4,65.0
64,64,2019,3,5,53.0
65,65,2019,3,6,57.0
66,66,2019,3,7,28.0
67,67,2019,3,8,25.0
68,68,2019,3,9,33.0
69,69,2019,3,10,36.0
70,70,2019,3,11,13.0
71,71,2019,3,12,24.0
72,72,2019,3,13,40.0
73,73,2019,3,14,46.0
74,74,2019,3,15,0.0
75,75,2019,3,16,0.0
76,76,2019,3,17,0.0
77,77,2019,3,18,0.0
78,78,2019,3,19,14.0
79,79,2019,3,20,23.0
80,80,2019,3,21,40.0
81,81,2019,3,22,37.0
82,82,2019,3,23,37.0
83,83,2019,3,24,0.0
84,84,2019,3,25,9.0
85,85,2019,3,26,18.0
86,86,2019,3,27,13.0
87,87,2019,3,28,21.0
88,88,2019,3,29,41.0
89,89,2019,3,30,46.0
90,90,2019,3,31,39.0
91,91,2019,4,1,38.0
92,92,2019,4,2,25.0
93,93,2019,4,3,0.0
94,94,2019,4,4,17.0
95,95,2019,4,5,23.0
96,96,2019,4,6,24.0
97,97,2019,4,7,0.0
98,98,2019,4,8,0.0
99,99,2019,4,9,31.0
100,100,2019,4,10,12.0
101,101,2019,4,11,13.0
102,102,2019,4,12,30.0
103,103,2019,4,13,26.0
104,104,2019,4,14,19.0
105,105,2019,4,15,35.0
106,106,2019,4,16,40.0
107,107,2019,4,17,31.0
108,108,2019,4,18,18.0
109,109,2019,4,19,23.0
110,110,2019,4,20,21.0
111,111,2019,4,21,30.0
112,112,2019,4,22,27.0
113,113,2019,4,23,35.0
114,114,2019,4,24,57.0
115,115,2019,4,25,47.0
116,116,2019,4,26,11.0
117,117,2019,4,27,9.0
118,118,2019,4,28,6.0
119,119,2019,4,29,17.0
120,120,2019,4,30,18.0
121,121,2019,5,1,16.0
122,122,2019,5,2,10.0
123,123,2019,5,3,15.0
124,124,2019,5,4,5.0
125,125,2019,5,5,7.0
126,126,2019,5,6,12.0
127,127,2019,5,7,21.0
128,128,2019,5,8,12.0
129,129,2019,5,9,13.0
130,130,2019,5,10,16.0
131,131,2019,5,11,4.0
132,132,2019,5,12,9.0
133,133,2019,5,13,14.0
134,134,2019,5,14,11.0
135,135,2019,5,15,15.0
136,136,2019,5,16,11.0
137,137,2019,5,17,11.0
138,138,2019,5,18,10.0
139,139,2019,5,19,11.0
140,140,2019,5,20,19.0
141,141,2019,5,21,21.0
142,142,2019,5,22,19.0
143,143,2019,5,23,16.0
144,144,2019,5,24,22.0
145,145,2019,5,25,21.0
146,146,2019,5,26,10.0
147,147,2019,5,27,14.0
148,148,2019,5,28,6.0
149,149,2019,5,29,10.0
150,150,2019,5,30,11.0
151,151,2019,5,31,15.0
152,152,2019,6,1,17.0
153,153,2019,6,2,20.0
154,154,2019,6,3,26.0
155,155,2019,6,4,35.0
156,156,2019,6,5,30.0
157,157,2019,6,6,29.0
158,158,2019,6,7,35.0
159,159,2019,6,8,38.0
160,160,2019,6,9,43.0
161,161,2019,6,10,49.0
162,162,2019,6,11,47.0
163,163,2019,6,12,21.0
164,164,2019,6,13,27.0
165,165,2019,6,14,37.0
166,166,2019,6,15,31.0
167,167,2019,6,16,23.0
168,168,2019,6,17,24.0
169,169,2019,6,18,26.0
170,170,2019,6,19,25.0
171,171,2019,6,20,27.0
172,172,2019,6,21,24.0
173,173,2019,6,22,23.0
174,174,2019,6,23,23.0
175,175,2019,6,24,26.0
176,176,2019,6,25,30.0
177,177,2019,6,26,49.0
178,178,2019,6,27,36.0
179,179,2019,6,28,33.0
180,180,2019,6,29,32.0
181,181,2019,6,30,30.0
182,182,2019,7,1,34.0
183,183,2019,7,2,21.0
184,184,2019,7,3,20.0
185,185,2019,7,4,31.0
186,186,2019,7,5,33.0
187,187,2019,7,6,25.0
188,188,2019,7,7,24.0
189,189,2019,7,8,15.0
190,190,2019,7,9,18.0
191,191,2019,7,10,20.0
192,192,2019,7,11,17.0
193,193,2019,7,12,13.0
194,194,2019,7,13,11.0
195,195,2019,7,14,12.0
196,196,2019,7,15,15.0
197,197,2019,7,16,21.0
198,198,2019,7,17,20.0
199,199,2019,7,18,20.0
200,200,2019,7,19,22.0
201,201,2019,7,20,27.0
202,202,2019,7,21,27.0
203,203,2019,7,22,28.0
204,204,2019,7,23,25.0
205,205,2019,7,24,25.0
206,206,2019,7,25,28.0
207,207,2019,7,26,23.0
208,208,2019,7,27,14.0
209,209,2019,7,28,19.0
210,210,2019,7,29,21.0
211,211,2019,7,30,19.0
212,212,2019,7,31,23.0
213,213,2019,8,1,21.0
214,214,2019,8,2,16.0
215,215,2019,8,3,12.0
216,216,2019,8,4,15.0
217,217,2019,8,5,17.0
218,218,2019,8,6,16.0
219,219,2019,8,7,21.0
220,220,2019,8,8,25.0
221,221,2019,8,9,30.0
222,222,2019,8,10,26.0
223,223,2019,8,11,29.0
224,224,2019,8,12,23.0
225,225,2019,8,13,11.0
226,226,2019,8,14,13.0
227,227,2019,8,15,10.0
228,228,2019,8,16,14.0
229,229,2019,8,17,14.0
230,230,2019,8,18,20.0
231,231,2019,8,19,20.0
232,232,2019,8,20,22.0
233,233,2019,8,21,17.0
234,234,2019,8,22,26.0
235,235,2019,8,23,26.0
236,236,2019,8,24,23.0
237,237,2019,8,25,32.0
238,238,2019,8,26,35.0
239,239,2019,8,27,33.0
240,240,2019,8,28,29.0
241,241,2019,8,29,37.0
242,242,2019,8,30,30.0
243,243,2019,8,31,32.0
244,244,2019,9,1,34.0
245,245,2019,9,2,16.0
246,246,2019,9,3,21.0
247,247,2019,9,4,24.0
248,248,2019,9,5,19.0
249,249,2019,9,6,18.0
250,250,2019,9,7,12.0
251,251,2019,9,8,11.0
252,252,2019,9,9,12.0
253,253,2019,9,10,18.0
254,254,2019,9,11,26.0
255,255,2019,9,12,29.0
256,256,2019,9,13,23.0
257,257,2019,9,14,21.0
258,258,2019,9,15,28.0
259,259,2019,9,16,36.0
260,260,2019,9,17,27.0
261,261,2019,9,18,17.0
262,262,2019,9,19,20.0
263,263,2019,9,20,20.0
264,264,2019,9,21,25.0
265,265,2019,9,22,43.0
266,266,2019,9,23,26.0
267,267,2019,9,24,34.0
268,268,2019,9,25,19.0
269,269,2019,9,26,26.0
270,270,2019,9,27,34.0
271,271,2019,9,28,24.0
272,272,2019,9,29,26.0
273,273,2019,9,30,34.0
274,274,2019,10,1,22.0
275,275,2019,10,2,11.0
276,276,2019,10,3,16.0
277,277,2019,10,4,39.0
278,278,2019,10,5,27.0
279,279,2019,10,6,14.0
280,280,2019,10,7,17.0
281,281,2019,10,8,29.0
282,282,2019,10,9,41.0
283,283,2019,10,10,30.0
284,284,2019,10,11,51.0
285,285,2019,10,12,58.0
286,286,2019,10,13,71.0
287,287,2019,10,14,45.0
288,288,2019,10,15,15.0
289,289,2019,10,16,33.0
290,290,2019,10,17,32.0
291,291,2019,10,18,36.0
292,292,2019,10,19,20.0
293,293,2019,10,20,30.0
294,294,2019,10,21,36.0
295,295,2019,10,22,36.0
296,296,2019,10,23,37.0
297,297,2019,10,24,35.0
298,298,2019,10,25,36.0
299,299,2019,10,26,33.0
300,300,2019,10,27,50.0
301,301,2019,10,28,35.0
302,302,2019,10,29,15.0
303,303,2019,10,30,14.0
304,304,2019,10,31,15.0
305,305,2019,11,1,27.0
306,306,2019,11,2,15.0
307,307,2019,11,3,17.0
308,308,2019,11,4,22.0
309,309,2019,11,5,17.0
310,310,2019,11,6,31.0
311,311,2019,11,7,16.0
312,312,2019,11,8,19.0
313,313,2019,11,9,24.0
314,314,2019,11,10,15.0
315,315,2019,11,11,10.0
316,316,2019,11,12,20.0
317,317,2019,11,13,17.0
318,318,2019,11,14,11.0
319,319,2019,11,15,28.0
320,320,2019,11,16,12.0
321,321,2019,11,17,15.0
322,322,2019,11,18,8.0
323,323,2019,11,19,20.0
324,324,2019,11,20,43.0
325,325,2019,11,21,28.0
326,326,2019,11,22,17.0
327,327,2019,11,23,16.0
328,328,2019,11,24,16.0
329,329,2019,11,25,23.0
330,330,2019,11,26,27.0
331,331,2019,11,27,29.0
332,332,2019,11,28,36.0
333,333,2019,11,29,36.0
334,334,2019,11,30,20.0
335,335,2019,12,1,21.0
336,336,2019,12,2,12.0
337,337,2019,12,3,30.0
338,338,2019,12,4,50.0
339,339,2019,12,5,59.0
340,340,2019,12,6,67.0
341,341,2019,12,7,73.0
342,342,2019,12,8,77.0
343,343,2019,12,9,48.0
344,344,2019,12,10,31.0
345,345,2019,12,11,34.0
346,346,2019,12,12,22.0
347,347,2019,12,13,43.0
348,348,2019,12,14,48.0
349,349,2019,12,15,62.0
350,350,2019,12,16,51.0
351,351,2019,12,17,36.0
352,352,2019,12,18,35.0
353,353,2019,12,19,25.0
354,354,2019,12,20,14.0
355,355,2019,12,21,14.0
356,356,2019,12,22,14.0
357,357,2019,12,23,19.0
358,358,2019,12,24,49.0
359,359,2019,12,25,63.0
360,360,2019,12,26,59.0
361,361,2019,12,27,41.0
362,362,2019,12,28,56.0
363,363,2019,12,29,50.0
364,364,2019,12,30,73.0
0,0,2019,12,31,83.0
1,1,2020,1,1,73.0
2,2,2020,1,2,81.0
3,3,2020,1,3,72.0
4,4,2020,1,4,53.0
5,5,2020,1,5,50.0
6,6,2020,1,6,46.0
7,7,2020,1,7,35.0
8,8,2020,1,8,43.0
9,9,2020,1,9,65.0
10,10,2020,1,10,83.0
11,11,2020,1,11,50.0
12,12,2020,1,12,54.0
13,13,2020,1,13,70.0
14,14,2020,1,14,98.0
15,15,2020,1,15,101.0
16,16,2020,1,16,68.0
17,17,2020,1,17,47.0
18,18,2020,1,18,23.0
19,19,2020,1,19,19.0
20,20,2020,1,20,33.0
21,21,2020,1,21,54.0
22,22,2020,1,22,66.0
23,23,2020,1,23,83.0
24,24,2020,1,24,80.0
25,25,2020,1,25,83.0
26,26,2020,1,26,62.0
27,27,2020,1,27,80.0
28,28,2020,1,28,49.0
29,29,2020,1,29,45.0
30,30,2020,1,30,75.0
31,31,2020,1,31,94.0
32,32,2020,2,1,73.0
33,33,2020,2,2,56.0
34,34,2020,2,3,29.0
35,35,2020,2,4,8.0
36,36,2020,2,5,24.0
37,37,2020,2,6,50.0
38,38,2020,2,7,70.0
39,39,2020,2,8,87.0
40,40,2020,2,9,75.0
41,41,2020,2,10,55.0
42,42,2020,2,11,40.0
43,43,2020,2,12,46.0
44,44,2020,2,13,45.0
45,45,2020,2,14,45.0
46,46,2020,2,15,41.0
47,47,2020,2,16,74.0
48,48,2020,2,17,77.0
49,49,2020,2,18,47.0
50,50,2020,2,19,45.0
51,51,2020,2,20,35.0
52,52,2020,2,21,54.0
53,53,2020,2,22,83.0
54,54,2020,2,23,88.0
55,55,2020,2,24,79.0
56,56,2020,2,25,37.0
57,57,2020,2,26,17.0
58,58,2020,2,27,15.0
59,59,2020,2,28,39.0
60,60,2020,2,29,25.0
61,61,2020,3,1,34.0
62,62,2020,3,2,14.0
63,63,2020,3,3,12.0
64,64,2020,3,4,26.0
65,65,2020,3,5,16.0
66,66,2020,3,6,26.0
67,67,2020,3,7,9.0
68,68,2020,3,8,27.0
69,69,2020,3,9,34.0
70,70,2020,3,10,56.0
71,71,2020,3,11,74.0
72,72,2020,3,12,59.0
73,73,2020,3,13,12.0
74,74,2020,3,14,13.0
75,75,2020,3,15,24.0
76,76,2020,3,16,28.0
77,77,2020,3,17,40.0
78,78,2020,3,18,52.0
79,79,2020,3,19,43.0
80,80,2020,3,20,45.0
81,81,2020,3,21,16.0
82,82,2020,3,22,12.0
83,83,2020,3,23,20.0
84,84,2020,3,24,17.0
85,85,2020,3,25,19.0
86,86,2020,3,26,94.0
87,87,2020,3,27,111.0
88,88,2020,3,28,117.0
89,89,2020,3,29,39.0
90,90,2020,3,30,11.0
91,91,2020,3,31,17.0
92,92,2020,4,1,28.0
93,93,2020,4,2,38.0
94,94,2020,4,3,41.0
95,95,2020,4,4,26.0
96,96,2020,4,5,33.0
97,97,2020,4,6,32.0
98,98,2020,4,7,26.0
99,99,2020,4,8,28.0
100,100,2020,4,9,35.0
101,101,2020,4,10,33.0
102,102,2020,4,11,30.0
103,103,2020,4,12,20.0
104,104,2020,4,13,19.0
105,105,2020,4,14,14.0
106,106,2020,4,15,20.0
107,107,2020,4,16,25.0
108,108,2020,4,17,23.0
109,109,2020,4,18,20.0
110,110,2020,4,19,16.0
111,111,2020,4,20,18.0
112,112,2020,4,21,18.0
113,113,2020,4,22,27.0
114,114,2020,4,23,25.0
115,115,2020,4,24,24.0
116,116,2020,4,25,21.0
117,117,2020,4,26,18.0
118,118,2020,4,27,14.0
119,119,2020,4,28,8.0
120,120,2020,4,29,11.0
121,121,2020,4,30,9.0
122,122,2020,5,1,15.0
123,123,2020,5,2,7.0
124,124,2020,5,3,9.0
125,125,2020,5,4,14.0
126,126,2020,5,5,15.0
127,127,2020,5,6,14.0
128,128,2020,5,7,16.0
129,129,2020,5,8,17.0
130,130,2020,5,9,19.0
131,131,2020,5,10,10.0
132,132,2020,5,11,10.0
133,133,2020,5,12,17.0
134,134,2020,5,13,27.0
135,135,2020,5,14,19.0
136,136,2020,5,15,22.0
137,137,2020,5,16,16.0
138,138,2020,5,17,24.0
139,139,2020,5,18,21.0
140,140,2020,5,19,17.0
141,141,2020,5,20,17.0
142,142,2020,5,21,17.0
143,143,2020,5,22,19.0
144,144,2020,5,23,9.0
145,145,2020,5,24,13.0
146,146,2020,5,25,13.0
147,147,2020,5,26,11.0
148,148,2020,5,27,16.0
149,149,2020,5,28,10.0
150,150,2020,5,29,14.0
151,151,2020,5,30,11.0
152,152,2020,5,31,12.0
153,153,2020,6,1,16.0
154,154,2020,6,2,17.0
155,155,2020,6,3,12.0
156,156,2020,6,4,10.0
157,157,2020,6,5,16.0
158,158,2020,6,6,13.0
159,159,2020,6,7,10.0
160,160,2020,6,8,10.0
161,161,2020,6,9,12.0
162,162,2020,6,10,10.0
163,163,2020,6,11,12.0
164,164,2020,6,12,14.0
165,165,2020,6,13,9.0
166,166,2020,6,14,9.0
167,167,2020,6,15,14.0
168,168,2020,6,16,14.0
169,169,2020,6,17,15.0
170,170,2020,6,18,13.0
171,171,2020,6,19,12.0
172,172,2020,6,20,13.0
173,173,2020,6,21,17.0
174,174,2020,6,22,23.0
175,175,2020,6,23,19.0
176,176,2020,6,24,17.0
177,177,2020,6,25,16.0
178,178,2020,6,26,22.0
179,179,2020,6,27,26.0
180,180,2020,6,28,23.0
181,181,2020,6,29,20.0
182,182,2020,6,30,19.0
183,183,2020,7,1,15.0
184,184,2020,7,2,10.0
185,185,2020,7,3,11.0
186,186,2020,7,4,15.0
187,187,2020,7,5,19.0
188,188,2020,7,6,12.0
189,189,2020,7,7,16.0
190,190,2020,7,8,18.0
191,191,2020,7,9,23.0
192,192,2020,7,10,17.0
193,193,2020,7,11,8.0
194,194,2020,7,12,10.0
195,195,2020,7,13,14.0
196,196,2020,7,14,17.0
197,197,2020,7,15,18.0
198,198,2020,7,16,12.0
199,199,2020,7,17,7.0
200,200,2020,7,18,9.0
201,201,2020,7,19,12.0
202,202,2020,7,20,16.0
203,203,2020,7,21,22.0
204,204,2020,7,22,11.0
205,205,2020,7,23,8.0
206,206,2020,7,24,11.0
207,207,2020,7,25,13.0
208,208,2020,7,26,15.0
209,209,2020,7,27,18.0
210,210,2020,7,28,20.0
211,211,2020,7,29,28.0
212,212,2020,7,30,30.0
213,213,2020,7,31,29.0
214,214,2020,8,1,15.0
215,215,2020,8,2,9.0
216,216,2020,8,3,8.0
217,217,2020,8,4,8.0
218,218,2020,8,5,11.0
219,219,2020,8,6,22.0
220,220,2020,8,7,27.0
221,221,2020,8,8,27.0
222,222,2020,8,9,31.0
223,223,2020,8,10,28.0
224,224,2020,8,11,23.0
225,225,2020,8,12,31.0
226,226,2020,8,13,22.0
227,227,2020,8,14,14.0
228,228,2020,8,15,14.0
229,229,2020,8,16,17.0
230,230,2020,8,17,17.0
231,231,2020,8,18,15.0
232,232,2020,8,19,16.0
233,233,2020,8,20,17.0
234,234,2020,8,21,17.0
235,235,2020,8,22,15.0
236,236,2020,8,23,16.0
237,237,2020,8,24,14.0
238,238,2020,8,25,21.0
239,239,2020,8,26,21.0
240,240,2020,8,27,20.0
241,241,2020,8,28,19.0
242,242,2020,8,29,14.0
243,243,2020,8,30,14.0
244,244,2020,8,31,11.0
245,245,2020,9,1,10.0
246,246,2020,9,2,17.0
247,247,2020,9,3,16.0
248,248,2020,9,4,22.0
249,249,2020,9,5,23.0
250,250,2020,9,6,0.0
251,251,2020,9,7,21.0
252,252,2020,9,8,29.0
253,253,2020,9,9,31.0
254,254,2020,9,10,25.0
255,255,2020,9,11,34.0
256,256,2020,9,12,37.0
257,257,2020,9,13,34.0
258,258,2020,9,14,34.0
259,259,2020,9,15,45.0
260,260,2020,9,16,38.0
261,261,2020,9,17,27.0
262,262,2020,9,18,27.0
263,263,2020,9,19,31.0
264,264,2020,9,20,25.0
265,265,2020,9,21,21.0
266,266,2020,9,22,21.0
267,267,2020,9,23,17.0
268,268,2020,9,24,15.0
269,269,2020,9,25,12.0
270,270,2020,9,26,11.0
271,271,2020,9,27,14.0
272,272,2020,9,28,19.0
273,273,2020,9,29,35.0
274,274,2020,9,30,41.0
275,275,2020,10,1,32.0
276,276,2020,10,2,16.0
277,277,2020,10,3,11.0
278,278,2020,10,4,13.0
279,279,2020,10,5,20.0
280,280,2020,10,6,17.0
281,281,2020,10,7,28.0
282,282,2020,10,8,43.0
283,283,2020,10,9,57.0
284,284,2020,10,10,15.0
285,285,2020,10,11,12.0
286,286,2020,10,12,23.0
287,287,2020,10,13,28.0
288,288,2020,10,14,8.0
289,289,2020,10,15,13.0
290,290,2020,10,16,23.0
291,291,2020,10,17,28.0
292,292,2020,10,18,30.0
293,293,2020,10,19,48.0
294,294,2020,10,20,46.0
295,295,2020,10,21,53.0
296,296,2020,10,22,71.0
297,297,2020,10,23,60.0
298,298,2020,10,24,40.0
299,299,2020,10,25,17.0
300,300,2020,10,26,12.0
301,301,2020,10,27,30.0
302,302,2020,10,28,42.0
303,303,2020,10,29,49.0
304,304,2020,10,30,52.0
305,305,2020,10,31,52.0
306,306,2020,11,1,64.0
307,307,2020,11,2,62.0
308,308,2020,11,3,67.0
309,309,2020,11,4,18.0
310,310,2020,11,5,27.0
311,311,2020,11,6,52.0
312,312,2020,11,7,37.0
313,313,2020,11,8,50.0
314,314,2020,11,9,56.0
315,315,2020,11,10,36.0
316,316,2020,11,11,0.0
317,317,2020,11,12,65.0
318,318,2020,11,13,83.0
319,319,2020,11,14,52.0
320,320,2020,11,15,46.0
321,321,2020,11,16,25.0
322,322,2020,11,17,28.0
323,323,2020,11,18,25.0
324,324,2020,11,19,15.0
325,325,2020,11,20,15.0
326,326,2020,11,21,25.0
327,327,2020,11,22,54.0
328,328,2020,11,23,58.0
329,329,2020,11,24,65.0
330,330,2020,11,25,73.0
331,331,2020,11,26,61.0
332,332,2020,11,27,83.0
333,333,2020,11,28,40.0
334,334,2020,11,29,31.0
335,335,2020,11,30,32.0
336,336,2020,12,1,18.0
337,337,2020,12,2,29.0
338,338,2020,12,3,25.0
339,339,2020,12,4,15.0
340,340,2020,12,5,14.0
341,341,2020,12,6,16.0
342,342,2020,12,7,7.0
343,343,2020,12,8,12.0
344,344,2020,12,9,31.0
345,345,2020,12,10,34.0
346,346,2020,12,11,41.0
347,347,2020,12,12,34.0
348,348,2020,12,13,28.0
349,349,2020,12,14,51.0
350,350,2020,12,15,65.0
351,351,2020,12,16,71.0
352,352,2020,12,17,67.0
353,353,2020,12,18,63.0
354,354,2020,12,19,69.0
355,355,2020,12,20,44.0
356,356,2020,12,21,60.0
357,357,2020,12,22,77.0
358,358,2020,12,23,67.0
359,359,2020,12,24,18.0
360,360,2020,12,25,9.0
361,361,2020,12,26,22.0
362,362,2020,12,27,19.0
363,363,2020,12,28,32.0
364,364,2020,12,29,57.0
365,365,2020,12,30,56.0
0,0,2020,12,31,44.0
1,1,2021,1,1,6.0
2,2,2021,1,2,19.0
3,3,2021,1,3,26.0
4,4,2021,1,4,26.0
5,5,2021,1,5,38.0
6,6,2021,1,6,38.0
7,7,2021,1,7,41.0
8,8,2021,1,8,22.0
9,9,2021,1,9,16.0
10,10,2021,1,10,34.0
11,11,2021,1,11,58.0
12,12,2021,1,12,67.0
13,13,2021,1,13,79.0
14,14,2021,1,14,25.0
15,15,2021,1,15,41.0
16,16,2021,1,16,70.0
17,17,2021,1,17,85.0
18,18,2021,1,18,76.0
19,19,2021,1,19,88.0
20,20,2021,1,20,83.0
21,21,2021,1,21,57.0
22,22,2021,1,22,9.0
23,23,2021,1,23,23.0
24,24,2021,1,24,30.0
25,25,2021,1,25,35.0
26,26,2021,1,26,46.0
27,27,2021,1,27,62.0
28,28,2021,1,28,67.0
29,29,2021,1,29,71.0
30,30,2021,1,30,15.0
31,31,2021,1,31,35.0
32,32,2021,2,1,62.0
33,33,2021,2,2,65.0
34,34,2021,2,3,60.0
35,35,2021,2,4,68.0
36,36,2021,2,5,63.0
37,37,2021,2,6,40.0
38,38,2021,2,7,18.0
39,39,2021,2,8,25.0
40,40,2021,2,9,21.0
41,41,2021,2,10,21.0
42,42,2021,2,11,19.0
43,43,2021,2,12,21.0
44,44,2021,2,13,32.0
45,45,2021,2,14,38.0
46,46,2021,2,15,52.0
47,47,2021,2,16,79.0
48,48,2021,2,17,80.0
49,49,2021,2,18,74.0
50,50,2021,2,19,84.0
51,51,2021,2,20,73.0
52,52,2021,2,21,38.0
53,53,2021,2,22,60.0
54,54,2021,2,23,78.0
55,55,2021,2,24,94.0
56,56,2021,2,25,95.0
57,57,2021,2,26,69.0
58,58,2021,2,27,19.0
59,59,2021,2,28,50.0
60,60,2021,3,1,46.0
61,61,2021,3,2,67.0
62,62,2021,3,3,84.0
63,63,2021,3,4,67.0
64,64,2021,3,5,16.0
65,65,2021,3,6,28.0
66,66,2021,3,7,35.0
67,67,2021,3,8,38.0
68,68,2021,3,9,37.0
69,69,2021,3,10,58.0
70,70,2021,3,11,68.0
71,71,2021,3,12,53.0
72,72,2021,3,13,30.0
73,73,2021,3,14,22.0
74,74,2021,3,15,11.0
75,75,2021,3,16,18.0
76,76,2021,3,17,16.0
77,77,2021,3,18,21.0
78,78,2021,3,19,26.0
79,79,2021,3,20,16.0
80,80,2021,3,21,28.0
81,81,2021,3,22,20.0
82,82,2021,3,23,31.0
83,83,2021,3,24,43.0
84,84,2021,3,25,36.0
85,85,2021,3,26,38.0
86,86,2021,3,27,42.0
87,87,2021,3,28,35.0
88,88,2021,3,29,49.0
89,89,2021,3,30,46.0
90,90,2021,3,31,62.0
91,91,2021,4,1,53.0
92,92,2021,4,2,24.0
93,93,2021,4,3,12.0
94,94,2021,4,4,11.0
95,95,2021,4,5,17.0
96,96,2021,4,6,12.0
97,97,2021,4,7,26.0
98,98,2021,4,8,29.0
99,99,2021,4,9,20.0
100,100,2021,4,10,14.0
101,101,2021,4,11,13.0
102,102,2021,4,12,6.0
103,103,2021,4,13,17.0
104,104,2021,4,14,0.0
105,105,2021,4,15,17.0
106,106,2021,4,16,15.0
107,107,2021,4,17,20.0
108,108,2021,4,18,16.0
109,109,2021,4,19,25.0
110,110,2021,4,20,21.0
111,111,2021,4,21,24.0
112,112,2021,4,22,16.0
113,113,2021,4,23,18.0
114,114,2021,4,24,19.0
115,115,2021,4,25,21.0
116,116,2021,4,26,20.0
117,117,2021,4,27,15.0
118,118,2021,4,28,24.0
119,119,2021,4,29,22.0
120,120,2021,4,30,21.0
121,121,2021,5,1,18.0
122,122,2021,5,2,4.0
123,123,2021,5,3,10.0
124,124,2021,5,4,13.0
125,125,2021,5,5,9.0
126,126,2021,5,6,13.0
127,127,2021,5,7,8.0
128,128,2021,5,8,9.0
129,129,2021,5,9,13.0
130,130,2021,5,10,14.0
131,131,2021,5,11,6.0
132,132,2021,5,12,20.0
133,133,2021,5,13,24.0
134,134,2021,5,14,21.0
135,135,2021,5,15,19.0
136,136,2021,5,16,12.0
137,137,2021,5,17,7.0
138,138,2021,5,18,10.0
139,139,2021,5,19,15.0
140,140,2021,5,20,11.0
141,141,2021,5,21,18.0
142,142,2021,5,22,9.0
143,143,2021,5,23,25.0
144,144,2021,5,24,27.0
145,145,2021,5,25,28.0
146,146,2021,5,26,23.0
147,147,2021,5,27,0.0
148,148,2021,5,28,0.0
149,149,2021,5,29,2.0
150,150,2021,5,30,6.0
151,151,2021,5,31,12.0
152,152,2021,6,1,14.0
153,153,2021,6,2,16.0
154,154,2021,6,3,21.0
155,155,2021,6,4,18.0
156,156,2021,6,5,19.0
157,157,2021,6,6,17.0
158,158,2021,6,7,21.0
159,159,2021,6,8,28.0
160,160,2021,6,9,14.0
161,161,2021,6,10,24.0
162,162,2021,6,11,17.0
163,163,2021,6,12,24.0
164,164,2021,6,13,12.0
165,165,2021,6,14,14.0
166,166,2021,6,15,24.0
167,167,2021,6,16,21.0
168,168,2021,6,17,21.0
169,169,2021,6,18,27.0
170,170,2021,6,19,42.0
171,171,2021,6,20,48.0
172,172,2021,6,21,33.0
173,173,2021,6,22,47.0
174,174,2021,6,23,31.0
175,175,2021,6,24,15.0
176,176,2021,6,25,14.0
177,177,2021,6,26,16.0
178,178,2021,6,27,22.0
179,179,2021,6,28,19.0
180,180,2021,6,29,18.0
181,181,2021,6,30,23.0
182,182,2021,7,1,20.0
183,183,2021,7,2,31.0
184,184,2021,7,3,29.0
185,185,2021,7,4,14.0
186,186,2021,7,5,13.0
187,187,2021,7,6,14.0
188,188,2021,7,7,18.0
189,189,2021,7,8,14.0
190,190,2021,7,9,21.0
191,191,2021,7,10,19.0
192,192,2021,7,11,16.0
193,193,2021,7,12,13.0
194,194,2021,7,13,13.0
195,195,2021,7,14,21.0
196,196,2021,7,15,18.0
197,197,2021,7,16,21.0
198,198,2021,7,17,16.0
199,199,2021,7,18,21.0
200,200,2021,7,19,24.0
201,201,2021,7,20,24.0
202,202,2021,7,21,21.0
203,203,2021,7,22,19.0
204,204,2021,7,23,22.0
205,205,2021,7,24,19.0
206,206,2021,7,25,30.0
207,207,2021,7,26,30.0
208,208,2021,7,27,24.0
209,209,2021,7,28,20.0
210,210,2021,7,29,0.0
211,211,2021,7,30,22.0
212,212,2021,7,31,18.0
213,213,2021,8,1,14.0
214,214,2021,8,2,16.0
215,215,2021,8,3,18.0
216,216,2021,8,4,15.0
217,217,2021,8,5,13.0
218,218,2021,8,6,17.0
219,219,2021,8,7,21.0
220,220,2021,8,8,21.0
221,221,2021,8,9,23.0
222,222,2021,8,10,32.0
223,223,2021,8,11,25.0
224,224,2021,8,12,26.0
225,225,2021,8,13,27.0
226,226,2021,8,14,23.0
227,227,2021,8,15,29.0
228,228,2021,8,16,20.0
229,229,2021,8,17,10.0
230,230,2021,8,18,0.0
231,231,2021,8,19,14.0
232,232,2021,8,20,21.0
233,233,2021,8,21,16.0
234,234,2021,8,22,14.0
235,235,2021,8,23,11.0
236,236,2021,8,24,0.0
237,237,2021,8,25,17.0
238,238,2021,8,26,11.0
239,239,2021,8,27,11.0
240,240,2021,8,28,6.0
241,241,2021,8,29,11.0
242,242,2021,8,30,11.0
243,243,2021,8,31,15.0
244,244,2021,9,1,21.0
245,245,2021,9,2,18.0
246,246,2021,9,3,22.0
247,247,2021,9,4,21.0
248,248,2021,9,5,21.0
249,249,2021,9,6,28.0
250,250,2021,9,7,28.0
251,251,2021,9,8,27.0
252,252,2021,9,9,28.0
253,253,2021,9,10,29.0
254,254,2021,9,11,24.0
255,255,2021,9,12,32.0
256,256,2021,9,13,41.0
257,257,2021,9,14,43.0
258,258,2021,9,15,37.0
259,259,2021,9,16,16.0
260,260,2021,9,17,14.0
261,261,2021,9,18,14.0
262,262,2021,9,19,20.0
263,263,2021,9,20,21.0
264,264,2021,9,21,23.0
265,265,2021,9,22,21.0
266,266,2021,9,23,24.0
267,267,2021,9,24,15.0
268,268,2021,9,25,21.0
269,269,2021,9,26,26.0
270,270,2021,9,27,20.0
271,271,2021,9,28,24.0
272,272,2021,9,29,0.0
273,273,2021,9,30,0.0
274,274,2021,10,1,25.0
275,275,2021,10,2,18.0
276,276,2021,10,3,18.0
277,277,2021,10,4,14.0
278,278,2021,10,5,15.0
279,279,2021,10,6,13.0
280,280,2021,10,7,17.0
281,281,2021,10,8,26.0
282,282,2021,10,9,24.0
283,283,2021,10,10,31.0
284,284,2021,10,11,26.0
285,285,2021,10,12,32.0
286,286,2021,10,13,13.0
287,287,2021,10,14,36.0
288,288,2021,10,15,33.0
289,289,2021,10,16,21.0
290,290,2021,10,17,0.0
291,291,2021,10,18,0.0
292,292,2021,10,19,73.0
293,293,2021,10,20,80.0
294,294,2021,10,21,55.0
295,295,2021,10,22,38.0
296,296,2021,10,23,16.0
297,297,2021,10,24,33.0
298,298,2021,10,25,35.0
299,299,2021,10,26,36.0
300,300,2021,10,27,42.0
301,301,2021,10,28,36.0
302,302,2021,10,29,57.0
303,303,2021,10,30,67.0
304,304,2021,10,31,62.0
305,305,2021,11,1,0.0
306,306,2021,11,2,22.0
307,307,2021,11,3,21.0
308,308,2021,11,4,0.0
309,309,2021,11,5,19.0
310,310,2021,11,6,0.0
311,311,2021,11,7,19.0
312,312,2021,11,8,13.0
313,313,2021,11,9,25.0
314,314,2021,11,10,44.0
315,315,2021,11,11,53.0
316,316,2021,11,12,56.0
317,317,2021,11,13,27.0
318,318,2021,11,14,22.0
319,319,2021,11,15,32.0
320,320,2021,11,16,48.0
321,321,2021,11,17,41.0
322,322,2021,11,18,48.0
323,323,2021,11,19,40.0
324,324,2021,11,20,19.0
325,325,2021,11,21,26.0
326,326,2021,11,22,12.0
327,327,2021,11,23,23.0
328,328,2021,11,24,20.0
329,329,2021,11,25,24.0
330,330,2021,11,26,32.0
331,331,2021,11,27,15.0
332,332,2021,11,28,22.0
333,333,2021,11,29,19.0
334,334,2021,11,30,32.0
335,335,2021,12,1,39.0
336,336,2021,12,2,22.0
337,337,2021,12,3,27.0
338,338,2021,12,4,38.0
339,339,2021,12,5,46.0
340,340,2021,12,6,56.0
341,341,2021,12,7,20.0
342,342,2021,12,8,29.0
343,343,2021,12,9,29.0
344,344,2021,12,10,38.0
345,345,2021,12,11,53.0
346,346,2021,12,12,68.0
347,347,2021,12,13,91.0
348,348,2021,12,14,78.0
349,349,2021,12,15,71.0
350,350,2021,12,16,64.0
351,351,2021,12,17,38.0
352,352,2021,12,18,33.0
353,353,2021,12,19,31.0
354,354,2021,12,20,31.0
355,355,2021,12,21,40.0
356,356,2021,12,22,46.0
357,357,2021,12,23,63.0
358,358,2021,12,24,58.0
359,359,2021,12,25,45.0
360,360,2021,12,26,53.0
361,361,2021,12,27,50.0
362,362,2021,12,28,54.0
363,363,2021,12,29,40.0
364,364,2021,12,30,23.0
