,VAL
0,84.0
1,59.0
2,50.0
3,76.0
4,77.0
5,185.0
6,85.0
7,46.0
8,58.0
9,70.0
10,64.0
11,57.0
12,40.0
13,25.0
14,23.0
15,7.0
16,18.0
17,39.0
18,49.0
19,23.0
20,42.0
21,0.0
22,25.0
23,23.0
24,23.0
25,52.0
26,63.0
27,61.0
28,63.0
29,0.0
30,59.0
31,75.0
32,37.0
33,10.0
34,30.0
35,55.0
36,44.0
37,31.0
38,44.0
39,36.0
40,18.0
41,0.0
42,37.0
43,50.0
44,0.0
45,69.0
46,57.0
47,33.0
48,34.0
49,76.0
50,0.0
51,13.0
52,0.0
53,35.0
54,22.0
55,33.0
56,35.0
57,42.0
58,44.0
59,56.0
60,46.0
61,72.0
62,71.0
63,57.0
64,31.0
65,24.0
66,41.0
67,37.0
68,30.0
69,39.0
70,0.0
71,15.0
72,12.0
73,17.0
74,23.0
75,31.0
76,14.0
77,0.0
78,44.0
79,34.0
80,31.0
81,35.0
82,24.0
83,19.0
84,24.0
85,29.0
86,40.0
87,34.0
88,31.0
89,15.0
90,15.0
91,15.0
92,15.0
93,18.0
94,13.0
95,18.0
96,18.0
97,16.0
98,27.0
99,35.0
100,29.0
101,28.0
102,26.0
103,35.0
104,34.0
105,29.0
106,32.0
107,52.0
108,41.0
109,31.0
110,0.0
111,0.0
112,0.0
113,0.0
114,16.0
115,15.0
116,33.0
117,23.0
118,34.0
119,40.0
120,40.0
121,38.0
122,0.0
123,44.0
124,39.0
125,14.0
126,26.0
127,24.0
128,30.0
129,30.0
130,12.0
131,10.0
132,12.0
133,13.0
134,16.0
135,0.0
136,0.0
137,0.0
138,0.0
139,9.0
140,13.0
141,14.0
142,12.0
143,7.0
144,10.0
145,8.0
146,16.0
147,16.0
148,14.0
149,13.0
150,16.0
151,18.0
152,19.0
153,10.0
154,18.0
155,15.0
156,22.0
157,17.0
158,19.0
159,22.0
160,21.0
161,31.0
162,31.0
163,24.0
164,22.0
165,26.0
166,28.0
167,25.0
168,29.0
169,26.0
170,29.0
171,25.0
172,21.0
173,19.0
174,12.0
175,13.0
176,12.0
177,12.0
178,13.0
179,31.0
180,27.0
181,14.0
182,17.0
183,50.0
184,35.0
185,21.0
186,20.0
187,18.0
188,26.0
189,29.0
190,29.0
191,32.0
192,22.0
193,0.0
194,0.0
195,0.0
196,23.0
197,22.0
198,24.0
199,26.0
200,32.0
201,30.0
202,26.0
203,28.0
204,27.0
205,29.0
206,34.0
207,35.0
208,24.0
209,23.0
210,10.0
211,15.0
212,22.0
213,21.0
214,32.0
215,28.0
216,31.0
217,56.0
218,38.0
219,42.0
220,25.0
221,18.0
222,18.0
223,23.0
224,27.0
225,13.0
226,16.0
227,21.0
228,23.0
229,26.0
230,26.0
231,11.0
232,25.0
233,34.0
234,28.0
235,19.0
236,10.0
237,10.0
238,10.0
239,12.0
240,13.0
241,15.0
242,18.0
243,19.0
244,13.0
245,21.0
246,19.0
247,14.0
248,19.0
249,22.0
250,24.0
251,23.0
252,21.0
253,14.0
254,16.0
255,21.0
256,28.0
257,40.0
258,23.0
259,15.0
260,19.0
261,35.0
262,16.0
263,20.0
264,20.0
265,29.0
266,53.0
267,41.0
268,30.0
269,47.0
270,49.0
271,24.0
272,9.0
273,16.0
274,21.0
275,29.0
276,25.0
277,30.0
278,18.0
279,25.0
280,36.0
281,50.0
282,33.0
283,12.0
284,17.0
285,24.0
286,45.0
287,55.0
288,0.0
289,55.0
290,54.0
291,63.0
292,0.0
293,63.0
294,52.0
295,36.0
296,19.0
297,0.0
298,49.0
299,30.0
300,47.0
301,36.0
302,27.0
303,0.0
304,41.0
305,58.0
306,59.0
307,31.0
308,28.0
309,53.0
310,57.0
311,69.0
312,52.0
313,31.0
314,14.0
315,20.0
316,29.0
317,23.0
318,0.0
319,0.0
320,0.0
321,0.0
322,21.0
323,23.0
324,13.0
325,12.0
326,9.0
327,18.0
328,22.0
329,29.0
330,31.0
331,35.0
332,67.0
333,58.0
334,29.0
335,27.0
336,63.0
337,80.0
338,94.0
339,92.0
340,98.0
341,77.0
342,70.0
343,59.0
344,57.0
345,48.0
346,66.0
347,56.0
348,56.0
349,76.0
350,96.0
351,89.0
352,95.0
353,57.0
354,47.0
355,55.0
356,49.0
357,30.0
358,33.0
359,15.0
360,27.0
361,34.0
362,32.0
363,17.0
364,42.0
365,65.0
366,58.0
367,42.0
368,38.0
369,16.0
370,32.0
371,57.0
372,65.0
373,71.0
374,67.0
375,86.0
376,70.0
377,83.0
378,32.0
379,31.0
380,42.0
381,33.0
382,26.0
383,27.0
384,31.0
385,42.0
386,55.0
387,49.0
388,21.0
389,29.0
390,45.0
391,33.0
392,29.0
393,39.0
394,18.0
395,27.0
396,29.0
397,26.0
398,14.0
399,19.0
400,21.0
401,19.0
402,32.0
403,27.0
404,24.0
405,12.0
406,29.0
407,40.0
408,45.0
409,29.0
410,39.0
411,49.0
412,42.0
413,35.0
414,34.0
415,14.0
416,34.0
417,11.0
418,20.0
419,39.0
420,44.0
421,40.0
422,37.0
423,26.0
424,8.0
425,17.0
426,24.0
427,16.0
428,23.0
429,29.0
430,33.0
431,41.0
432,44.0
433,31.0
434,34.0
435,50.0
436,68.0
437,81.0
438,86.0
439,77.0
440,59.0
441,78.0
442,85.0
443,66.0
444,54.0
445,38.0
446,10.0
447,5.0
448,12.0
449,14.0
450,19.0
451,27.0
452,36.0
453,40.0
454,43.0
455,27.0
456,27.0
457,0.0
458,27.0
459,27.0
460,33.0
461,38.0
462,38.0
463,20.0
464,18.0
465,16.0
466,14.0
467,14.0
468,23.0
469,12.0
470,9.0
471,13.0
472,24.0
473,19.0
474,21.0
475,16.0
476,25.0
477,26.0
478,18.0
479,18.0
480,14.0
481,13.0
482,9.0
483,12.0
484,12.0
485,18.0
486,12.0
487,13.0
488,10.0
489,13.0
490,16.0
491,22.0
492,12.0
493,13.0
494,14.0
495,17.0
496,11.0
497,6.0
498,11.0
499,8.0
500,12.0
501,11.0
502,13.0
503,20.0
504,23.0
505,19.0
506,17.0
507,25.0
508,18.0
509,16.0
510,15.0
511,17.0
512,0.0
513,0.0
514,0.0
515,6.0
516,9.0
517,9.0
518,12.0
519,13.0
520,11.0
521,15.0
522,17.0
523,20.0
524,17.0
525,12.0
526,19.0
527,13.0
528,9.0
529,7.0
530,7.0
531,8.0
532,7.0
533,9.0
534,11.0
535,16.0
536,10.0
537,10.0
538,13.0
539,12.0
540,7.0
541,7.0
542,11.0
543,12.0
544,11.0
545,5.0
546,8.0
547,8.0
548,8.0
549,11.0
550,15.0
551,16.0
552,13.0
553,7.0
554,8.0
555,6.0
556,7.0
557,10.0
558,8.0
559,7.0
560,10.0
561,11.0
562,12.0
563,12.0
564,15.0
565,14.0
566,9.0
567,7.0
568,10.0
569,9.0
570,9.0
571,0.0
572,0.0
573,0.0
574,0.0
575,0.0
576,11.0
577,8.0
578,8.0
579,12.0
580,11.0
581,9.0
582,10.0
583,11.0
584,11.0
585,12.0
586,12.0
587,13.0
588,15.0
589,11.0
590,8.0
591,7.0
592,7.0
593,7.0
594,10.0
595,10.0
596,11.0
597,9.0
598,10.0
599,10.0
600,9.0
601,8.0
602,14.0
603,16.0
604,11.0
605,13.0
606,14.0
607,0.0
608,0.0
609,7.0
610,7.0
611,12.0
612,15.0
613,12.0
614,11.0
615,13.0
616,15.0
617,6.0
618,5.0
619,8.0
620,7.0
621,7.0
622,8.0
623,9.0
624,11.0
625,15.0
626,17.0
627,19.0
628,21.0
629,19.0
630,11.0
631,10.0
632,14.0
633,17.0
634,19.0
635,16.0
636,13.0
637,14.0
638,16.0
639,11.0
640,11.0
641,13.0
642,14.0
643,18.0
644,17.0
645,17.0
646,23.0
647,20.0
648,16.0
649,15.0
650,18.0
651,11.0
652,15.0
653,23.0
654,26.0
655,23.0
656,14.0
657,22.0
658,26.0
659,8.0
660,9.0
661,10.0
662,6.0
663,11.0
664,13.0
665,16.0
666,24.0
667,43.0
668,39.0
669,0.0
670,0.0
671,0.0
672,34.0
673,22.0
674,18.0
675,32.0
676,34.0
677,26.0
678,25.0
679,28.0
680,19.0
681,16.0
682,29.0
683,30.0
684,14.0
685,14.0
686,17.0
687,0.0
688,36.0
689,46.0
690,62.0
691,82.0
692,72.0
693,63.0
694,39.0
695,42.0
696,32.0
697,35.0
698,35.0
699,28.0
700,17.0
701,11.0
702,11.0
703,24.0
704,25.0
705,10.0
706,30.0
707,21.0
708,43.0
709,52.0
710,62.0
711,60.0
712,51.0
713,72.0
714,38.0
715,27.0
716,28.0
717,26.0
718,40.0
719,42.0
720,41.0
721,37.0
722,28.0
723,55.0
724,37.0
725,22.0
726,38.0
727,41.0
728,36.0
729,37.0
730,65.0
731,88.0
732,91.0
733,76.0
734,36.0
735,51.0
736,88.0
737,90.0
738,97.0
739,80.0
740,60.0
741,29.0
742,59.0
743,86.0
744,78.0
745,75.0
746,32.0
747,40.0
748,45.0
749,56.0
750,41.0
751,21.0
752,35.0
753,43.0
754,35.0
755,24.0
756,48.0
757,60.0
758,57.0
759,31.0
760,34.0
761,42.0
762,77.0
763,47.0
764,19.0
765,12.0
766,11.0
767,32.0
768,49.0
769,40.0
770,88.0
771,103.0
772,81.0
773,48.0
774,52.0
775,30.0
776,29.0
777,37.0
778,36.0
779,69.0
780,84.0
781,82.0
782,20.0
783,37.0
784,35.0
785,11.0
786,21.0
787,38.0
788,39.0
789,57.0
790,73.0
791,41.0
792,34.0
793,14.0
794,29.0
795,53.0
796,5.0
797,28.0
798,69.0
799,71.0
800,32.0
801,38.0
802,44.0
803,36.0
804,39.0
805,37.0
806,57.0
807,66.0
808,45.0
809,37.0
810,27.0
811,56.0
812,55.0
813,20.0
814,14.0
815,17.0
816,16.0
817,18.0
818,30.0
819,37.0
820,16.0
821,0.0
822,14.0
823,13.0
824,14.0
825,11.0
826,11.0
827,32.0
828,30.0
829,33.0
830,0.0
831,0.0
832,0.0
833,35.0
834,25.0
835,40.0
836,23.0
837,29.0
838,12.0
839,26.0
840,34.0
841,38.0
842,31.0
843,21.0
844,31.0
845,26.0
846,25.0
847,16.0
848,10.0
849,20.0
850,28.0
851,26.0
852,27.0
853,37.0
854,33.0
855,33.0
856,23.0
857,18.0
858,16.0
859,11.0
860,14.0
861,16.0
862,22.0
863,33.0
864,20.0
865,14.0
866,19.0
867,25.0
868,24.0
869,21.0
870,13.0
871,11.0
872,14.0
873,8.0
874,16.0
875,16.0
876,10.0
877,14.0
878,14.0
879,23.0
880,19.0
881,25.0
882,22.0
883,30.0
884,30.0
885,24.0
886,25.0
887,29.0
888,31.0
889,36.0
890,30.0
891,33.0
892,34.0
893,27.0
894,26.0
895,18.0
896,18.0
897,18.0
898,23.0
899,19.0
900,13.0
901,12.0
902,13.0
903,17.0
904,11.0
905,15.0
906,0.0
907,0.0
908,0.0
909,0.0
910,21.0
911,20.0
912,23.0
913,26.0
914,27.0
915,27.0
916,30.0
917,31.0
918,30.0
919,16.0
920,16.0
921,21.0
922,21.0
923,25.0
924,28.0
925,32.0
926,30.0
927,35.0
928,39.0
929,35.0
930,37.0
931,40.0
932,42.0
933,48.0
934,28.0
935,28.0
936,15.0
937,21.0
938,22.0
939,27.0
940,14.0
941,14.0
942,19.0
943,19.0
944,23.0
945,30.0
946,29.0
947,38.0
948,44.0
949,42.0
950,34.0
951,32.0
952,34.0
953,44.0
954,42.0
955,47.0
956,33.0
957,0.0
958,0.0
959,0.0
960,0.0
961,13.0
962,17.0
963,24.0
964,26.0
965,21.0
966,21.0
967,19.0
968,24.0
969,28.0
970,24.0
971,25.0
972,31.0
973,40.0
974,32.0
975,30.0
976,20.0
977,16.0
978,8.0
979,10.0
980,9.0
981,13.0
982,23.0
983,25.0
984,26.0
985,19.0
986,18.0
987,21.0
988,32.0
989,36.0
990,22.0
991,28.0
992,14.0
993,16.0
994,18.0
995,13.0
996,15.0
997,26.0
998,23.0
999,14.0
1000,16.0
1001,16.0
1002,16.0
1003,14.0
1004,20.0
1005,24.0
1006,15.0
1007,23.0
1008,25.0
1009,35.0
1010,11.0
1011,11.0
1012,14.0
1013,14.0
1014,18.0
1015,10.0
1016,12.0
1017,13.0
1018,10.0
1019,16.0
1020,28.0
1021,21.0
1022,13.0
1023,16.0
1024,23.0
1025,36.0
1026,56.0
1027,68.0
1028,55.0
1029,54.0
1030,49.0
1031,21.0
1032,25.0
1033,33.0
1034,27.0
1035,39.0
1036,61.0
1037,73.0
1038,80.0
1039,73.0
1040,65.0
1041,64.0
1042,67.0
1043,58.0
1044,38.0
1045,39.0
1046,30.0
1047,56.0
1048,65.0
1049,65.0
1050,69.0
1051,38.0
1052,62.0
1053,49.0
1054,31.0
1055,14.0
1056,16.0
1057,25.0
1058,46.0
1059,49.0
1060,34.0
1061,64.0
1062,78.0
1063,94.0
1064,120.0
1065,105.0
1066,45.0
1067,49.0
1068,60.0
1069,49.0
1070,59.0
1071,72.0
1072,53.0
1073,36.0
1074,28.0
1075,36.0
1076,49.0
1077,116.0
1078,45.0
1079,98.0
1080,79.0
1081,80.0
1082,71.0
1083,58.0
1084,78.0
1085,50.0
1086,60.0
1087,56.0
1088,54.0
1089,45.0
1090,33.0
1091,27.0
1092,37.0
1093,30.0
1094,36.0
1095,68.0
1096,44.0
1097,31.0
1098,36.0
1099,38.0
1100,50.0
1101,55.0
1102,69.0
1103,63.0
1104,39.0
1105,34.0
1106,19.0
1107,23.0
1108,41.0
1109,47.0
1110,42.0
1111,24.0
1112,28.0
1113,53.0
1114,76.0
1115,77.0
1116,66.0
1117,107.0
1118,127.0
1119,155.0
1120,159.0
1121,175.0
1122,162.0
1123,178.0
1124,183.0
1125,73.0
1126,70.0
1127,83.0
1128,54.0
1129,16.0
1130,32.0
1131,37.0
1132,39.0
1133,29.0
1134,42.0
1135,10.0
1136,32.0
1137,26.0
1138,42.0
1139,38.0
1140,27.0
1141,5.0
1142,9.0
1143,29.0
1144,25.0
1145,22.0
1146,45.0
1147,67.0
1148,64.0
1149,9.0
1150,22.0
1151,30.0
1152,14.0
1153,15.0
1154,9.0
1155,19.0
1156,16.0
1157,5.0
1158,19.0
1159,23.0
1160,25.0
1161,32.0
1162,15.0
1163,12.0
1164,26.0
1165,25.0
1166,21.0
1167,14.0
1168,19.0
1169,35.0
1170,13.0
1171,30.0
1172,48.0
1173,58.0
1174,73.0
1175,49.0
1176,30.0
1177,25.0
1178,28.0
1179,26.0
1180,40.0
1181,36.0
1182,32.0
1183,30.0
1184,34.0
1185,41.0
1186,41.0
1187,38.0
1188,36.0
1189,35.0
1190,46.0
1191,46.0
1192,36.0
1193,38.0
1194,10.0
1195,19.0
1196,20.0
1197,20.0
1198,30.0
1199,11.0
1200,16.0
1201,19.0
1202,31.0
1203,23.0
1204,18.0
1205,22.0
1206,23.0
1207,35.0
1208,38.0
1209,13.0
1210,9.0
1211,21.0
1212,21.0
1213,13.0
1214,13.0
1215,17.0
1216,12.0
1217,19.0
1218,22.0
1219,13.0
1220,13.0
1221,21.0
1222,20.0
1223,18.0
1224,25.0
1225,27.0
1226,20.0
1227,11.0
1228,14.0
1229,16.0
1230,9.0
1231,10.0
1232,12.0
1233,13.0
1234,16.0
1235,0.0
1236,18.0
1237,18.0
1238,21.0
1239,13.0
1240,17.0
1241,36.0
1242,25.0
1243,26.0
1244,25.0
1245,16.0
1246,14.0
1247,19.0
1248,23.0
1249,23.0
1250,27.0
1251,18.0
1252,15.0
1253,19.0
1254,25.0
1255,15.0
1256,21.0
1257,18.0
1258,11.0
1259,12.0
1260,9.0
1261,13.0
1262,27.0
1263,16.0
1264,0.0
1265,0.0
1266,0.0
1267,12.0
1268,19.0
1269,19.0
1270,33.0
1271,39.0
1272,38.0
1273,27.0
1274,18.0
1275,13.0
1276,17.0
1277,21.0
1278,20.0
1279,20.0
1280,17.0
1281,13.0
1282,19.0
1283,16.0
1284,21.0
1285,29.0
1286,26.0
1287,27.0
1288,27.0
1289,25.0
1290,12.0
1291,13.0
1292,16.0
1293,17.0
1294,23.0
1295,22.0
1296,18.0
1297,19.0
1298,23.0
1299,25.0
1300,29.0
1301,29.0
1302,27.0
1303,22.0
1304,15.0
1305,17.0
1306,18.0
1307,14.0
1308,12.0
1309,12.0
1310,17.0
1311,20.0
1312,16.0
1313,8.0
1314,12.0
1315,18.0
1316,22.0
1317,10.0
1318,0.0
1319,13.0
1320,15.0
1321,15.0
1322,14.0
1323,18.0
1324,19.0
1325,14.0
1326,16.0
1327,20.0
1328,19.0
1329,10.0
1330,14.0
1331,17.0
1332,19.0
1333,22.0
1334,27.0
1335,27.0
1336,33.0
1337,21.0
1338,22.0
1339,24.0
1340,23.0
1341,26.0
1342,21.0
1343,17.0
1344,16.0
1345,21.0
1346,29.0
1347,33.0
1348,32.0
1349,30.0
1350,44.0
1351,49.0
1352,41.0
1353,37.0
1354,24.0
1355,13.0
1356,9.0
1357,17.0
1358,19.0
1359,18.0
1360,15.0
1361,14.0
1362,21.0
1363,27.0
1364,26.0
1365,21.0
1366,26.0
1367,27.0
1368,27.0
1369,19.0
1370,21.0
1371,12.0
1372,14.0
1373,16.0
1374,10.0
1375,18.0
1376,16.0
1377,12.0
1378,12.0
1379,16.0
1380,26.0
1381,32.0
1382,11.0
1383,24.0
1384,30.0
1385,32.0
1386,42.0
1387,26.0
1388,10.0
1389,19.0
1390,21.0
1391,28.0
1392,29.0
1393,42.0
1394,27.0
1395,16.0
1396,30.0
1397,47.0
1398,55.0
1399,39.0
1400,48.0
1401,75.0
1402,46.0
1403,21.0
1404,23.0
1405,19.0
1406,25.0
1407,20.0
1408,26.0
1409,44.0
1410,45.0
1411,38.0
1412,36.0
1413,20.0
1414,34.0
1415,69.0
1416,88.0
1417,93.0
1418,43.0
1419,32.0
1420,36.0
1421,33.0
1422,33.0
1423,39.0
1424,28.0
1425,23.0
1426,24.0
1427,19.0
1428,17.0
1429,38.0
1430,60.0
1431,79.0
1432,28.0
1433,37.0
1434,59.0
1435,63.0
1436,23.0
1437,39.0
1438,46.0
1439,42.0
1440,48.0
1441,45.0
1442,37.0
1443,49.0
1444,49.0
1445,52.0
1446,42.0
1447,38.0
1448,42.0
1449,27.0
1450,44.0
1451,38.0
1452,45.0
1453,56.0
1454,66.0
1455,87.0
1456,81.0
1457,59.0
1458,34.0
1459,62.0
1460,59.0
1461,76.0
1462,96.0
1463,59.0
1464,74.0
1465,29.0
1466,31.0
1467,55.0
1468,55.0
1469,83.0
1470,45.0
1471,44.0
1472,71.0
1473,42.0
1474,38.0
1475,33.0
1476,14.0
1477,13.0
1478,17.0
1479,24.0
1480,35.0
1481,56.0
1482,66.0
1483,47.0
1484,61.0
1485,43.0
1486,46.0
1487,57.0
1488,84.0
1489,121.0
1490,176.0
1491,177.0
1492,126.0
1493,88.0
1494,53.0
1495,32.0
1496,27.0
1497,8.0
1498,26.0
1499,25.0
1500,26.0
1501,25.0
1502,41.0
1503,65.0
1504,54.0
1505,51.0
1506,66.0
1507,65.0
1508,80.0
1509,48.0
1510,52.0
1511,58.0
1512,69.0
1513,92.0
1514,52.0
1515,55.0
1516,17.0
1517,37.0
1518,41.0
1519,30.0
1520,25.0
1521,31.0
1522,48.0
1523,29.0
1524,10.0
1525,27.0
1526,24.0
1527,20.0
1528,43.0
1529,30.0
1530,24.0
1531,31.0
1532,35.0
1533,60.0
1534,61.0
1535,50.0
1536,72.0
1537,74.0
1538,83.0
1539,50.0
1540,44.0
1541,39.0
1542,38.0
1543,38.0
1544,44.0
1545,20.0
1546,18.0
1547,36.0
1548,41.0
1549,43.0
1550,37.0
1551,37.0
1552,31.0
1553,29.0
1554,26.0
1555,16.0
1556,28.0
1557,17.0
1558,20.0
1559,21.0
1560,17.0
1561,23.0
1562,14.0
1563,30.0
1564,27.0
1565,27.0
1566,20.0
1567,6.0
1568,10.0
1569,8.0
1570,12.0
1571,17.0
1572,22.0
1573,26.0
1574,23.0
1575,26.0
1576,22.0
1577,29.0
1578,12.0
1579,10.0
1580,16.0
1581,21.0
1582,12.0
1583,12.0
1584,18.0
1585,22.0
1586,23.0
1587,12.0
1588,21.0
1589,12.0
1590,9.0
1591,17.0
1592,20.0
1593,16.0
1594,18.0
1595,8.0
1596,11.0
1597,19.0
1598,19.0
1599,15.0
1600,18.0
1601,14.0
1602,17.0
1603,26.0
1604,39.0
1605,12.0
1606,13.0
1607,16.0
1608,16.0
1609,20.0
1610,23.0
1611,27.0
1612,30.0
1613,28.0
1614,32.0
1615,21.0
1616,16.0
1617,18.0
1618,16.0
1619,12.0
1620,19.0
1621,30.0
1622,18.0
1623,18.0
1624,21.0
1625,22.0
1626,26.0
1627,40.0
1628,18.0
1629,15.0
1630,19.0
1631,25.0
1632,28.0
1633,34.0
1634,40.0
1635,35.0
1636,21.0
1637,19.0
1638,25.0
1639,20.0
1640,15.0
1641,16.0
1642,18.0
1643,15.0
1644,15.0
1645,14.0
1646,17.0
1647,21.0
1648,25.0
1649,27.0
1650,14.0
1651,24.0
1652,22.0
1653,23.0
1654,24.0
1655,14.0
1656,12.0
1657,12.0
1658,17.0
1659,22.0
1660,23.0
1661,29.0
1662,28.0
1663,30.0
1664,29.0
1665,21.0
1666,13.0
1667,17.0
1668,14.0
1669,18.0
1670,20.0
1671,13.0
1672,20.0
1673,25.0
1674,30.0
1675,30.0
1676,37.0
1677,39.0
1678,28.0
1679,15.0
1680,18.0
1681,24.0
1682,30.0
1683,20.0
1684,17.0
1685,14.0
1686,13.0
1687,13.0
1688,25.0
1689,24.0
1690,27.0
1691,24.0
1692,8.0
1693,12.0
1694,15.0
1695,17.0
1696,20.0
1697,20.0
1698,28.0
1699,34.0
1700,26.0
1701,18.0
1702,19.0
1703,24.0
1704,15.0
1705,12.0
1706,4.0
1707,15.0
1708,14.0
1709,18.0
1710,16.0
1711,11.0
1712,17.0
1713,9.0
1714,12.0
1715,9.0
1716,15.0
1717,23.0
1718,16.0
1719,10.0
1720,11.0
1721,11.0
1722,5.0
1723,8.0
1724,15.0
1725,30.0
1726,42.0
1727,19.0
1728,13.0
1729,18.0
1730,24.0
1731,26.0
1732,26.0
1733,25.0
1734,28.0
1735,34.0
1736,53.0
1737,54.0
1738,75.0
1739,42.0
1740,17.0
1741,29.0
1742,38.0
1743,42.0
1744,37.0
1745,61.0
1746,60.0
1747,67.0
1748,72.0
1749,67.0
1750,72.0
1751,51.0
1752,71.0
1753,88.0
1754,109.0
1755,64.0
1756,14.0
1757,23.0
1758,28.0
1759,48.0
1760,77.0
1761,84.0
1762,62.0
1763,30.0
1764,25.0
1765,33.0
1766,58.0
1767,84.0
1768,91.0
1769,39.0
1770,8.0
1771,9.0
1772,22.0
1773,30.0
1774,39.0
1775,31.0
1776,46.0
1777,7.0
1778,15.0
1779,55.0
1780,17.0
1781,40.0
1782,21.0
1783,9.0
1784,70.0
1785,60.0
1786,94.0
1787,103.0
1788,120.0
1789,97.0
1790,25.0
1791,30.0
1792,49.0
1793,39.0
1794,47.0
1795,24.0
1796,17.0
1797,35.0
1798,61.0
1799,79.0
1800,107.0
1801,119.0
1802,83.0
1803,39.0
1804,28.0
1805,24.0
1806,40.0
1807,48.0
1808,51.0
1809,50.0
1810,23.0
1811,39.0
1812,121.0
1813,51.0
1814,65.0
1815,103.0
1816,105.0
1817,103.0
1818,113.0
1819,110.0
1820,83.0
1821,33.0
1822,15.0
1823,24.0
1824,45.0
1825,78.0
1826,49.0
1827,46.0
1828,48.0
1829,48.0
1830,58.0
1831,115.0
1832,60.0
1833,25.0
1834,30.0
1835,23.0
1836,35.0
1837,27.0
1838,42.0
1839,34.0
1840,41.0
1841,51.0
1842,33.0
1843,26.0
1844,58.0
1845,64.0
1846,48.0
1847,31.0
1848,45.0
1849,69.0
1850,91.0
1851,108.0
1852,83.0
1853,57.0
1854,48.0
1855,49.0
1856,55.0
1857,49.0
1858,19.0
1859,8.0
1860,29.0
1861,26.0
1862,23.0
1863,25.0
1864,49.0
1865,57.0
1866,39.0
1867,34.0
1868,28.0
1869,22.0
1870,39.0
1871,56.0
1872,76.0
1873,72.0
1874,42.0
1875,20.0
1876,24.0
1877,28.0
1878,11.0
1879,12.0
1880,18.0
1881,20.0
1882,17.0
1883,28.0
1884,42.0
1885,59.0
1886,92.0
1887,64.0
1888,42.0
1889,60.0
1890,40.0
1891,40.0
1892,40.0
1893,39.0
1894,55.0
1895,35.0
1896,24.0
1897,44.0
1898,62.0
1899,33.0
1900,17.0
1901,20.0
1902,8.0
1903,11.0
1904,21.0
1905,25.0
1906,27.0
1907,36.0
1908,29.0
1909,38.0
1910,55.0
1911,35.0
1912,40.0
1913,47.0
1914,35.0
1915,10.0
1916,14.0
1917,18.0
1918,31.0
1919,24.0
1920,28.0
1921,30.0
1922,23.0
1923,20.0
1924,30.0
1925,25.0
1926,19.0
1927,29.0
1928,12.0
1929,30.0
1930,35.0
1931,40.0
1932,32.0
1933,24.0
1934,26.0
1935,28.0
1936,27.0
1937,25.0
1938,38.0
1939,42.0
1940,34.0
1941,35.0
1942,24.0
1943,33.0
1944,39.0
1945,16.0
1946,17.0
1947,17.0
1948,32.0
1949,33.0
1950,29.0
1951,29.0
1952,27.0
1953,26.0
1954,21.0
1955,27.0
1956,31.0
1957,30.0
1958,29.0
1959,14.0
1960,15.0
1961,27.0
1962,29.0
1963,30.0
1964,21.0
1965,21.0
1966,24.0
1967,26.0
1968,32.0
1969,33.0
1970,39.0
1971,26.0
1972,30.0
1973,29.0
1974,35.0
1975,34.0
1976,39.0
1977,28.0
1978,32.0
1979,24.0
1980,28.0
1981,34.0
1982,34.0
1983,33.0
1984,17.0
1985,25.0
1986,21.0
1987,31.0
1988,34.0
1989,20.0
1990,17.0
1991,17.0
1992,22.0
1993,21.0
1994,25.0
1995,22.0
1996,24.0
1997,29.0
1998,13.0
1999,13.0
2000,14.0
2001,10.0
2002,13.0
2003,19.0
2004,18.0
2005,23.0
2006,27.0
2007,19.0
2008,22.0
2009,20.0
2010,15.0
2011,25.0
2012,19.0
2013,20.0
2014,14.0
2015,20.0
2016,22.0
2017,18.0
2018,22.0
2019,23.0
2020,21.0
2021,22.0
2022,18.0
2023,25.0
2024,27.0
2025,33.0
2026,29.0
2027,21.0
2028,21.0
2029,16.0
2030,27.0
2031,31.0
2032,22.0
2033,17.0
2034,26.0
2035,25.0
2036,27.0
2037,33.0
2038,34.0
2039,25.0
2040,22.0
2041,26.0
2042,27.0
2043,26.0
2044,33.0
2045,30.0
2046,25.0
2047,23.0
2048,24.0
2049,19.0
2050,20.0
2051,19.0
2052,10.0
2053,17.0
2054,19.0
2055,23.0
2056,28.0
2057,28.0
2058,23.0
2059,29.0
2060,34.0
2061,30.0
2062,13.0
2063,7.0
2064,11.0
2065,16.0
2066,19.0
2067,24.0
2068,19.0
2069,11.0
2070,9.0
2071,15.0
2072,18.0
2073,29.0
2074,25.0
2075,0.0
2076,20.0
2077,23.0
2078,24.0
2079,30.0
2080,41.0
2081,54.0
2082,61.0
2083,30.0
2084,34.0
2085,29.0
2086,29.0
2087,30.0
2088,32.0
2089,37.0
2090,40.0
2091,30.0
2092,26.0
2093,17.0
2094,20.0
2095,44.0
2096,57.0
2097,31.0
2098,21.0
2099,22.0
2100,15.0
2101,38.0
2102,26.0
2103,26.0
2104,30.0
2105,58.0
2106,31.0
2107,38.0
2108,51.0
2109,48.0
2110,63.0
2111,56.0
2112,55.0
2113,52.0
2114,48.0
2115,51.0
2116,53.0
2117,52.0
2118,54.0
2119,42.0
2120,20.0
2121,34.0
2122,60.0
2123,49.0
2124,37.0
2125,35.0
2126,21.0
2127,36.0
2128,16.0
2129,23.0
2130,26.0
2131,25.0
2132,29.0
2133,31.0
2134,32.0
2135,34.0
2136,32.0
2137,43.0
2138,29.0
2139,30.0
2140,41.0
2141,50.0
2142,52.0
2143,45.0
2144,31.0
2145,26.0
2146,21.0
2147,25.0
2148,24.0
2149,17.0
2150,41.0
2151,41.0
2152,39.0
2153,12.0
2154,34.0
2155,44.0
2156,27.0
2157,35.0
2158,40.0
2159,46.0
2160,75.0
2161,86.0
2162,85.0
2163,90.0
2164,51.0
2165,34.0
2166,50.0
2167,59.0
2168,38.0
2169,28.0
2170,39.0
2171,46.0
2172,25.0
2173,26.0
2174,58.0
2175,72.0
2176,72.0
2177,59.0
2178,52.0
2179,0.0
2180,0.0
2181,62.0
2182,51.0
2183,45.0
2184,23.0
2185,33.0
2186,29.0
2187,53.0
2188,55.0
2189,68.0
2190,64.0
